[
    {
        "texto": "Un amigo es alguien que lo sabe todo de ti y a pesar de ello te quiere.",
        "autor": "Elbert Hubbard"
    },
    {
        "texto": "La amistad duplica las alegrías y divide las angustias por la mitad.",
        "autor": "Francis Bacon"
    },
    {
        "texto": "Un verdadero amigo es aquel que entra cuando el resto del mundo se va.",
        "autor": "Walter Winchell"
    },
    {
        "texto": "La amistad es el ingrediente más importante en la receta de la vida.",
        "autor": "Luciano De Crescenzo"
    },
    {
        "texto": "Los amigos son esa parte de la raza humana con la que uno puede ser humano.",
        "autor": "George Santayana"
    },
    {
        "texto": "La amistad es un alma que habita en dos cuerpos; un corazón que habita en dos almas.",
        "autor": "Aristóteles"
    },
    {
        "texto": "Un amigo es una persona con la que se puede pensar en voz alta.",
        "autor": "Ralph Waldo Emerson"
    },
    {
        "texto": "La verdadera amistad resiste el tiempo, la distancia y el silencio.",
        "autor": "Isabel Allende"
    },
    {
        "texto": "Un amigo es alguien que te da total libertad para ser tú mismo.",
        "autor": "Jim Morrison"
    },
    {
        "texto": "La amistad es la llave que abre todas las puertas.",
        "autor": "Anónimo"
    },
    {
        "texto": "Los buenos amigos son como estrellas: no siempre los ves, pero sabes que siempre están ahí.",
        "autor": "Anónimo"
    },
    {
        "texto": "La amistad no necesita frecuencia, sino sinceridad.",
        "autor": "Anónimo"
    },
    {
        "texto": "Un verdadero amigo es el que llega cuando todos se han ido.",
        "autor": "Anónimo"
    },
    {
        "texto": "La amistad es el único cemento que mantendrá unido al mundo.",
        "autor": "Woodrow Wilson"
    },
    {
        "texto": "Un amigo es alguien que conoce la canción de tu corazón y puede cantarla cuando la has olvidado.",
        "autor": "Anónimo"
    },
    {
        "texto": "La amistad es como un libro: se necesitan años para escribirlo y solo segundos para quemarlo.",
        "autor": "Anónimo"
    },
    {
        "texto": "Los amigos son la familia que elegimos.",
        "autor": "Edna Buchanan"
    },
    {
        "texto": "La amistad es el vino de la vida.",
        "autor": "Edward Young"
    },
    {
        "texto": "Un amigo es alguien que te comprende cuando nadie más lo hace.",
        "autor": "Anónimo"
    },
    {
        "texto": "La verdadera amistad es como la fosforecencia: brilla mejor cuando todo se ha oscurecido.",
        "autor": "Rabindranath Tagore"
    },
    {
        "texto": "Los amigos son ángeles que nos levantan cuando nuestras alas han olvidado cómo volar.",
        "autor": "Anónimo"
    },
    {
        "texto": "La amistad es el amor sin sus alas.",
        "autor": "Lord Byron"
    },
    {
        "texto": "Un amigo es alguien que te da libertad para ser tú mismo.",
        "autor": "Jim Morrison"
    },
    {
        "texto": "La amistad es la inconfundible certeza de que alguien cree en ti.",
        "autor": "Romain Rolland"
    },
    {
        "texto": "Los amigos son esos extraños seres que nos preguntan cómo estamos y esperan a oír la respuesta.",
        "autor": "Ed Cunningham"
    },
    {
        "texto": "La amistad es el bálsamo más dulce para las heridas de la vida.",
        "autor": "Anónimo"
    },
    {
        "texto": "Un amigo es alguien con quien puedes estar en silencio y sentir que ha sido la mejor conversación.",
        "autor": "David Tyson"
    },
    {
        "texto": "La verdadera amistad no consiste en estar siempre juntos, sino en estar siempre unidos.",
        "autor": "Anónimo"
    },
    {
        "texto": "Los amigos son como las estrellas: aunque no siempre los veas, sabes que siempre están ahí.",
        "autor": "Anónimo"
    },
    {
        "texto": "La amistad es el único cemento que mantendrá unido al mundo.",
        "autor": "Woodrow Wilson"
    },
    {
        "texto": "Un amigo es alguien que te conoce tal como eres, comprende dónde has estado y te anima a ser lo mejor que puedas ser.",
        "autor": "Anónimo"
    },
    {
        "texto": "La amistad es el arte de entenderse sin palabras.",
        "autor": "Anónimo"
    },
    {
        "texto": "Los amigos son los hermanos que Dios nunca nos dio.",
        "autor": "Mencio"
    },
    {
        "texto": "La verdadera amistad es planta de lento crecimiento.",
        "autor": "George Washington"
    },
    {
        "texto": "Un amigo es alguien que te da total libertad para ser tú mismo.",
        "autor": "Jim Morrison"
    },
    {
        "texto": "La amistad es el vínculo más fuerte del mundo, más fuerte que el acero y más duradero que el diamante.",
        "autor": "Anónimo"
    },
    {
        "texto": "Los amigos son esos ángeles que nos levantan cuando nuestras alas han olvidado cómo volar.",
        "autor": "Anónimo"
    },
    {
        "texto": "La amistad es el único espejo fiel donde podemos vernos tal como somos.",
        "autor": "Anónimo"
    },
    {
        "texto": "Un amigo es alguien que sabe la canción de tu corazón y puede cantarla cuando la has olvidado.",
        "autor": "Anónimo"
    },
    {
        "texto": "La verdadera amistad no conoce distancias ni fronteras.",
        "autor": "Anónimo"
    },
    {
        "texto": "Los amigos son la familia que uno elige.",
        "autor": "Edna Buchanan"
    },
    {
        "texto": "La amistad es el vino de la vida.",
        "autor": "Edward Young"
    },
    {
        "texto": "Un amigo es alguien que te comprende cuando nadie más lo hace.",
        "autor": "Anónimo"
    },
    {
        "texto": "La amistad es el único cemento que mantendrá unido al mundo.",
        "autor": "Woodrow Wilson"
    },
    {
        "texto": "Los amigos son como las estrellas: aunque no siempre los veas, sabes que siempre están ahí.",
        "autor": "Anónimo"
    },
    {
        "texto": "La verdadera amistad es como la salud: su valor se conoce cuando se pierde.",
        "autor": "Charles Caleb Colton"
    },
    {
        "texto": "Un amigo es alguien que te da total libertad para ser tú mismo.",
        "autor": "Jim Morrison"
    },
    {
        "texto": "La amistad es el arte de entenderse sin palabras.",
        "autor": "Anónimo"
    },
    {
        "texto": "Los amigos son los hermanos que Dios nunca nos dio.",
        "autor": "Mencio"
    },
    {
        "texto": "La verdadera amistad es planta de lento crecimiento.",
        "autor": "George Washington"
    },
    {
        "texto": "Un amigo es alguien que te conoce tal como eres, comprende dónde has estado y te anima a ser lo mejor que puedas ser.",
        "autor": "Anónimo"
    },
    {
        "texto": "La amistad es el vínculo más fuerte del mundo, más fuerte que el acero y más duradero que el diamante.",
        "autor": "Anónimo"
    },
    {
        "texto": "Los amigos son esos ángeles que nos levantan cuando nuestras alas han olvidado cómo volar.",
        "autor": "Anónimo"
    },
    {
        "texto": "La amistad es el único espejo fiel donde podemos vernos tal como somos.",
        "autor": "Anónimo"
    },
    {
        "texto": "Un amigo es alguien que sabe la canción de tu corazón y puede cantarla cuando la has olvidado.",
        "autor": "Anónimo"
    },
    {
        "texto": "La verdadera amistad no conoce distancias ni fronteras.",
        "autor": "Anónimo"
    },
    {
        "texto": "Los amigos son la familia que uno elige.",
        "autor": "Edna Buchanan"
    },
    {
        "texto": "La amistad es el vino de la vida.",
        "autor": "Edward Young"
    },
    {
        "texto": "Un amigo es alguien que te comprende cuando nadie más lo hace.",
        "autor": "Anónimo"
    },
    {
        "texto": "La amistad es el único cemento que mantendrá unido al mundo.",
        "autor": "Woodrow Wilson"
    },
    {
        "texto": "Los amigos son como las estrellas: aunque no siempre los veas, sabes que siempre están ahí.",
        "autor": "Anónimo"
    },
    {
        "texto": "La verdadera amistad es como la salud: su valor se conoce cuando se pierde.",
        "autor": "Charles Caleb Colton"
    },
    {
        "texto": "Un amigo es alguien que te da total libertad para ser tú mismo.",
        "autor": "Jim Morrison"
    },
    {
        "texto": "La amistad es el arte de entenderse sin palabras.",
        "autor": "Anónimo"
    },
    {
        "texto": "Los amigos son los hermanos que Dios nunca nos dio.",
        "autor": "Mencio"
    },
    {
        "texto": "La verdadera amistad es planta de lento crecimiento.",
        "autor": "George Washington"
    },
    {
        "texto": "Un amigo es alguien que te conoce tal como eres, comprende dónde has estado y te anima a ser lo mejor que puedas ser.",
        "autor": "Anónimo"
    },
    {
        "texto": "La amistad es el vínculo más fuerte del mundo, más fuerte que el acero y más duradero que el diamante.",
        "autor": "Anónimo"
    },
    {
        "texto": "Los amigos son esos ángeles que nos levantan cuando nuestras alas han olvidado cómo volar.",
        "autor": "Anónimo"
    },
    {
        "texto": "La amistad es el único espejo fiel donde podemos vernos tal como somos.",
        "autor": "Anónimo"
    },
    {
        "texto": "Un amigo es alguien que sabe la canción de tu corazón y puede cantarla cuando la has olvidado.",
        "autor": "Anónimo"
    },
    {
        "texto": "La verdadera amistad no conoce distancias ni fronteras.",
        "autor": "Anónimo"
    },
    {
        "texto": "Los amigos son la familia que uno elige.",
        "autor": "Edna Buchanan"
    },
    {
        "texto": "La amistad es el vino de la vida.",
        "autor": "Edward Young"
    },
    {
        "texto": "Un amigo es alguien que te comprende cuando nadie más lo hace.",
        "autor": "Anónimo"
    },
    {
        "texto": "La amistad es el único cemento que mantendrá unido al mundo.",
        "autor": "Woodrow Wilson"
    },
    {
        "texto": "Los amigos son como las estrellas: aunque no siempre los veas, sabes que siempre están ahí.",
        "autor": "Anónimo"
    },
    {
        "texto": "La verdadera amistad es como la salud: su valor se conoce cuando se pierde.",
        "autor": "Charles Caleb Colton"
    },
    {
        "texto": "Un amigo es alguien que te da total libertad para ser tú mismo.",
        "autor": "Jim Morrison"
    },
    {
        "texto": "La amistad es el arte de entenderse sin palabras.",
        "autor": "Anónimo"
    },
    {
        "texto": "Los amigos son los hermanos que Dios nunca nos dio.",
        "autor": "Mencio"
    },
    {
        "texto": "La verdadera amistad es planta de lento crecimiento.",
        "autor": "George Washington"
    },
    {
        "texto": "Un amigo es alguien que te conoce tal como eres, comprende dónde has estado y te anima a ser lo mejor que puedas ser.",
        "autor": "Anónimo"
    },
    {
        "texto": "La amistad es el vínculo más fuerte del mundo, más fuerte que el acero y más duradero que el diamante.",
        "autor": "Anónimo"
    },
    {
        "texto": "Los amigos son esos ángeles que nos levantan cuando nuestras alas han olvidado cómo volar.",
        "autor": "Anónimo"
    },
    {
        "texto": "La amistad es el único espejo fiel donde podemos vernos tal como somos.",
        "autor": "Anónimo"
    },
    {
        "texto": "Un amigo es alguien que sabe la canción de tu corazón y puede cantarla cuando la has olvidado.",
        "autor": "Anónimo"
    },
    {
        "texto": "La verdadera amistad no conoce distancias ni fronteras.",
        "autor": "Anónimo"
    },
    {
        "texto": "Los amigos son la familia que uno elige.",
        "autor": "Edna Buchanan"
    },
    {
        "texto": "La amistad es el vino de la vida.",
        "autor": "Edward Young"
    },
    {
        "texto": "Un amigo es alguien que te comprende cuando nadie más lo hace.",
        "autor": "Anónimo"
    },
    {
        "texto": "La amistad es el único cemento que mantendrá unido al mundo.",
        "autor": "Woodrow Wilson"
    },
    {
        "texto": "Los amigos son como las estrellas: aunque no siempre los veas, sabes que siempre están ahí.",
        "autor": "Anónimo"
    },
    {
        "texto": "La verdadera amistad es como la salud: su valor se conoce cuando se pierde.",
        "autor": "Charles Caleb Colton"
    },
    {
        "texto": "Un amigo es alguien que te da total libertad para ser tú mismo.",
        "autor": "Jim Morrison"
    },
    {
        "texto": "La amistad es el arte de entenderse sin palabras.",
        "autor": "Anónimo"
    },
    {
        "texto": "Los amigos son los hermanos que Dios nunca nos dio.",
        "autor": "Mencio"
    },
    {
        "texto": "La verdadera amistad es planta de lento crecimiento.",
        "autor": "George Washington"
    },
    {
        "texto": "Un amigo es alguien que te conoce tal como eres, comprende dónde has estado y te anima a ser lo mejor que puedas ser.",
        "autor": "Anónimo"
    },
    {
        "texto": "La amistad es el vínculo más fuerte del mundo, más fuerte que el acero y más duradero que el diamante.",
        "autor": "Anónimo"
    },
    {
        "texto": "Los amigos son esos ángeles que nos levantan cuando nuestras alas han olvidado cómo volar.",
        "autor": "Anónimo"
    },
    {
        "texto": "La amistad es el único espejo fiel donde podemos vernos tal como somos.",
        "autor": "Anónimo"
    },
    {
        "texto": "Un amigo es alguien que sabe la canción de tu corazón y puede cantarla cuando la has olvidado.",
        "autor": "Anónimo"
    },
    {
        "texto": "La verdadera amistad no conoce distancias ni fronteras.",
        "autor": "Anónimo"
    },
    {
        "texto": "Los amigos son la familia que uno elige.",
        "autor": "Edna Buchanan"
    },
    {
        "texto": "La amistad es el vino de la vida.",
        "autor": "Edward Young"
    },
    {
        "texto": "Un amigo es alguien que te comprende cuando nadie más lo hace.",
        "autor": "Anónimo"
    },
    {
        "texto": "La amistad es el único cemento que mantendrá unido al mundo.",
        "autor": "Woodrow Wilson"
    },
    {
        "texto": "Los amigos son como las estrellas: aunque no siempre los veas, sabes que siempre están ahí.",
        "autor": "Anónimo"
    },
    {
        "texto": "La verdadera amistad es como la salud: su valor se conoce cuando se pierde.",
        "autor": "Charles Caleb Colton"
    },
    {
        "texto": "Un amigo es alguien que te da total libertad para ser tú mismo.",
        "autor": "Jim Morrison"
    },
    {
        "texto": "La amistad es el arte de entenderse sin palabras.",
        "autor": "Anónimo"
    },
    {
        "texto": "Los amigos son los hermanos que Dios nunca nos dio.",
        "autor": "Mencio"
    },
    {
        "texto": "La verdadera amistad es planta de lento crecimiento.",
        "autor": "George Washington"
    },
    {
        "texto": "Un amigo es alguien que te conoce tal como eres, comprende dónde has estado y te anima a ser lo mejor que puedas ser.",
        "autor": "Anónimo"
    },
    {
        "texto": "La amistad es el vínculo más fuerte del mundo, más fuerte que el acero y más duradero que el diamante.",
        "autor": "Anónimo"
    },
    {
        "texto": "Los amigos son esos ángeles que nos levantan cuando nuestras alas han olvidado cómo volar.",
        "autor": "Anónimo"
    },
    {
        "texto": "La amistad es el único espejo fiel donde podemos vernos tal como somos.",
        "autor": "Anónimo"
    },
    {
        "texto": "Un amigo es alguien que sabe la canción de tu corazón y puede cantarla cuando la has olvidado.",
        "autor": "Anónimo"
    },
    {
        "texto": "La verdadera amistad no conoce distancias ni fronteras.",
        "autor": "Anónimo"
    },
    {
        "texto": "Los amigos son la familia que uno elige.",
        "autor": "Edna Buchanan"
    },
    {
        "texto": "La amistad es el vino de la vida.",
        "autor": "Edward Young"
    },
    {
        "texto": "Un amigo es alguien que te comprende cuando nadie más lo hace.",
        "autor": "Anónimo"
    },
    {
        "texto": "La amistad es el único cemento que mantendrá unido al mundo.",
        "autor": "Woodrow Wilson"
    },
    {
        "texto": "Los amigos son como las estrellas: aunque no siempre los veas, sabes que siempre están ahí.",
        "autor": "Anónimo"
    },
    {
        "texto": "La verdadera amistad es como la salud: su valor se conoce cuando se pierde.",
        "autor": "Charles Caleb Colton"
    },
    {
        "texto": "Un amigo es alguien que te da total libertad para ser tú mismo.",
        "autor": "Jim Morrison"
    },
    {
        "texto": "La amistad es el arte de entenderse sin palabras.",
        "autor": "Anónimo"
    },
    {
        "texto": "Los amigos son los hermanos que Dios nunca nos dio.",
        "autor": "Mencio"
    },
    {
        "texto": "La verdadera amistad es planta de lento crecimiento.",
        "autor": "George Washington"
    },
    {
        "texto": "Un amigo es alguien que te conoce tal como eres, comprende dónde has estado y te anima a ser lo mejor que puedas ser.",
        "autor": "Anónimo"
    },
    {
        "texto": "La amistad es el vínculo más fuerte del mundo, más fuerte que el acero y más duradero que el diamante.",
        "autor": "Anónimo"
    },
    {
        "texto": "Los amigos son esos ángeles que nos levantan cuando nuestras alas han olvidado cómo volar.",
        "autor": "Anónimo"
    },
    {
        "texto": "La amistad es el único espejo fiel donde podemos vernos tal como somos.",
        "autor": "Anónimo"
    },
    {
        "texto": "Un amigo es alguien que sabe la canción de tu corazón y puede cantarla cuando la has olvidado.",
        "autor": "Anónimo"
    },
    {
        "texto": "La verdadera amistad no conoce distancias ni fronteras.",
        "autor": "Anónimo"
    },
    {
        "texto": "Los amigos son la familia que uno elige.",
        "autor": "Edna Buchanan"
    },
    {
        "texto": "La amistad es el vino de la vida.",
        "autor": "Edward Young"
    },
    {
        "texto": "Un amigo es alguien que te comprende cuando nadie más lo hace.",
        "autor": "Anónimo"
    },
    {
        "texto": "La amistad es el único cemento que mantendrá unido al mundo.",
        "autor": "Woodrow Wilson"
    },
    {
        "texto": "Los amigos son como las estrellas: aunque no siempre los veas, sabes que siempre están ahí.",
        "autor": "Anónimo"
    },
    {
        "texto": "La verdadera amistad es como la salud: su valor se conoce cuando se pierde.",
        "autor": "Charles Caleb Colton"
    },
    {
        "texto": "Un amigo es alguien que te da total libertad para ser tú mismo.",
        "autor": "Jim Morrison"
    },
    {
        "texto": "La amistad es el arte de entenderse sin palabras.",
        "autor": "Anónimo"
    },
    {
        "texto": "Los amigos son los hermanos que Dios nunca nos dio.",
        "autor": "Mencio"
    },
    {
        "texto": "La verdadera amistad es planta de lento crecimiento.",
        "autor": "George Washington"
    },
    {
        "texto": "Un amigo es alguien que te conoce tal como eres, comprende dónde has estado y te anima a ser lo mejor que puedas ser.",
        "autor": "Anónimo"
    },
    {
        "texto": "La amistad es el vínculo más fuerte del mundo, más fuerte que el acero y más duradero que el diamante.",
        "autor": "Anónimo"
    },
    {
        "texto": "Los amigos son esos ángeles que nos levantan cuando nuestras alas han olvidado cómo volar.",
        "autor": "Anónimo"
    },
    {
        "texto": "La amistad es el único espejo fiel donde podemos vernos tal como somos.",
        "autor": "Anónimo"
    },
    {
        "texto": "Un amigo es alguien que sabe la canción de tu corazón y puede cantarla cuando la has olvidado.",
        "autor": "Anónimo"
    },
    {
        "texto": "La verdadera amistad no conoce distancias ni fronteras.",
        "autor": "Anónimo"
    },
    {
        "texto": "Los amigos son la familia que uno elige.",
        "autor": "Edna Buchanan"
    },
    {
        "texto": "La amistad es el vino de la vida.",
        "autor": "Edward Young"
    },
    {
        "texto": "Un amigo es alguien que te comprende cuando nadie más lo hace.",
        "autor": "Anónimo"
    },
    {
        "texto": "La amistad es el único cemento que mantendrá unido al mundo.",
        "autor": "Woodrow Wilson"
    },
    {
        "texto": "Los amigos son como las estrellas: aunque no siempre los veas, sabes que siempre están ahí.",
        "autor": "Anónimo"
    },
    {
        "texto": "La verdadera amistad es como la salud: su valor se conoce cuando se pierde.",
        "autor": "Charles Caleb Colton"
    },
    {
        "texto": "Un amigo es alguien que te da total libertad para ser tú mismo.",
        "autor": "Jim Morrison"
    },
    {
        "texto": "La amistad es el arte de entenderse sin palabras.",
        "autor": "Anónimo"
    },
    {
        "texto": "Los amigos son los hermanos que Dios nunca nos dio.",
        "autor": "Mencio"
    },
    {
        "texto": "La verdadera amistad es planta de lento crecimiento.",
        "autor": "George Washington"
    },
    {
        "texto": "Un amigo es alguien que te conoce tal como eres, comprende dónde has estado y te anima a ser lo mejor que puedas ser.",
        "autor": "Anónimo"
    },
    {
        "texto": "La amistad es el vínculo más fuerte del mundo, más fuerte que el acero y más duradero que el diamante.",
        "autor": "Anónimo"
    },
    {
        "texto": "Los amigos son esos ángeles que nos levantan cuando nuestras alas han olvidado cómo volar.",
        "autor": "Anónimo"
    },
    {
        "texto": "La amistad es el único espejo fiel donde podemos vernos tal como somos.",
        "autor": "Anónimo"
    },
    {
        "texto": "Un amigo es alguien que sabe la canción de tu corazón y puede cantarla cuando la has olvidado.",
        "autor": "Anónimo"
    },
    {
        "texto": "La verdadera amistad no conoce distancias ni fronteras.",
        "autor": "Anónimo"
    },
    {
        "texto": "Los amigos son la familia que uno elige.",
        "autor": "Edna Buchanan"
    },
    {
        "texto": "La amistad es el vino de la vida.",
        "autor": "Edward Young"
    },
    {
        "texto": "Un amigo es alguien que te comprende cuando nadie más lo hace.",
        "autor": "Anónimo"
    },
    {
        "texto": "La amistad es el único cemento que mantendrá unido al mundo.",
        "autor": "Woodrow Wilson"
    },
    {
        "texto": "Los amigos son como las estrellas: aunque no siempre los veas, sabes que siempre están ahí.",
        "autor": "Anónimo"
    },
    {
        "texto": "La verdadera amistad es como la salud: su valor se conoce cuando se pierde.",
        "autor": "Charles Caleb Colton"
    },
    {
        "texto": "Un amigo es alguien que te da total libertad para ser tú mismo.",
        "autor": "Jim Morrison"
    },
    {
        "texto": "La amistad es el arte de entenderse sin palabras.",
        "autor": "Anónimo"
    },
    {
        "texto": "Los amigos son los hermanos que Dios nunca nos dio.",
        "autor": "Mencio"
    },
    {
        "texto": "La verdadera amistad es planta de lento crecimiento.",
        "autor": "George Washington"
    },
    {
        "texto": "Un amigo es alguien que te conoce tal como eres, comprende dónde has estado y te anima a ser lo mejor que puedas ser.",
        "autor": "Anónimo"
    },
    {
        "texto": "La amistad es el vínculo más fuerte del mundo, más fuerte que el acero y más duradero que el diamante.",
        "autor": "Anónimo"
    },
    {
        "texto": "Los amigos son esos ángeles que nos levantan cuando nuestras alas han olvidado cómo volar.",
        "autor": "Anónimo"
    },
    {
        "texto": "La amistad es el único espejo fiel donde podemos vernos tal como somos.",
        "autor": "Anónimo"
    },
    {
        "texto": "Un amigo es alguien que sabe la canción de tu corazón y puede cantarla cuando la has olvidado.",
        "autor": "Anónimo"
    },
    {
        "texto": "La verdadera amistad no conoce distancias ni fronteras.",
        "autor": "Anónimo"
    },
    {
        "texto": "Los amigos son la familia que uno elige.",
        "autor": "Edna Buchanan"
    },
    {
        "texto": "La amistad es el vino de la vida.",
        "autor": "Edward Young"
    },
    {
        "texto": "Un amigo es alguien que te comprende cuando nadie más lo hace.",
        "autor": "Anónimo"
    },
    {
        "texto": "La amistad es el único cemento que mantendrá unido al mundo.",
        "autor": "Woodrow Wilson"
    },
    {
        "texto": "Los amigos son como las estrellas: aunque no siempre los veas, sabes que siempre están ahí.",
        "autor": "Anónimo"
    },
    {
        "texto": "La verdadera amistad es como la salud: su valor se conoce cuando se pierde.",
        "autor": "Charles Caleb Colton"
    },
    {
        "texto": "Un amigo es alguien que te da total libertad para ser tú mismo.",
        "autor": "Jim Morrison"
    },
    {
        "texto": "La amistad es el arte de entenderse sin palabras.",
        "autor": "Anónimo"
    },
    {
        "texto": "Los amigos son los hermanos que Dios nunca nos dio.",
        "autor": "Mencio"
    },
    {
        "texto": "La verdadera amistad es planta de lento crecimiento.",
        "autor": "George Washington"
    },
    {
        "texto": "Un amigo es alguien que te conoce tal como eres, comprende dónde has estado y te anima a ser lo mejor que puedas ser.",
        "autor": "Anónimo"
    },
    {
        "texto": "La amistad es el vínculo más fuerte del mundo, más fuerte que el acero y más duradero que el diamante.",
        "autor": "Anónimo"
    },
    {
        "texto": "Los amigos son esos ángeles que nos levantan cuando nuestras alas han olvidado cómo volar.",
        "autor": "Anónimo"
    },
    {
        "texto": "La amistad es el único espejo fiel donde podemos vernos tal como somos.",
        "autor": "Anónimo"
    },
    {
        "texto": "Un amigo es alguien que sabe la canción de tu corazón y puede cantarla cuando la has olvidado.",
        "autor": "Anónimo"
    },
    {
        "texto": "La verdadera amistad no conoce distancias ni fronteras.",
        "autor": "Anónimo"
    },
    {
        "texto": "Los amigos son la familia que uno elige.",
        "autor": "Edna Buchanan"
    },
    {
        "texto": "La amistad es el vino de la vida.",
        "autor": "Edward Young"
    },
    {
        "texto": "Un amigo es alguien que te comprende cuando nadie más lo hace.",
        "autor": "Anónimo"
    },
    {
        "texto": "La amistad es el único cemento que mantendrá unido al mundo.",
        "autor": "Woodrow Wilson"
    },
    {
        "texto": "Los amigos son como las estrellas: aunque no siempre los veas, sabes que siempre están ahí.",
        "autor": "Anónimo"
    },
    {
        "texto": "La verdadera amistad es como la salud: su valor se conoce cuando se pierde.",
        "autor": "Charles Caleb Colton"
    },
    {
        "texto": "Un amigo es alguien que te da total libertad para ser tú mismo.",
        "autor": "Jim Morrison"
    },
    {
        "texto": "La amistad es el arte de entenderse sin palabras.",
        "autor": "Anónimo"
    },
    {
        "texto": "Los amigos son los hermanos que Dios nunca nos dio.",
        "autor": "Mencio"
    },
    {
        "texto": "La verdadera amistad es planta de lento crecimiento.",
        "autor": "George Washington"
    },
    {
        "texto": "Un amigo es alguien que te conoce tal como eres, comprende dónde has estado y te anima a ser lo mejor que puedas ser.",
        "autor": "Anónimo"
    },
    {
        "texto": "La amistad es el vínculo más fuerte del mundo, más fuerte que el acero y más duradero que el diamante.",
        "autor": "Anónimo"
    },
    {
        "texto": "Los amigos son esos ángeles que nos levantan cuando nuestras alas han olvidado cómo volar.",
        "autor": "Anónimo"
    },
    {
        "texto": "La amistad es el único espejo fiel donde podemos vernos tal como somos.",
        "autor": "Anónimo"
    },
    {
        "texto": "Un amigo es alguien que sabe la canción de tu corazón y puede cantarla cuando la has olvidado.",
        "autor": "Anónimo"
    }
]