[
    {
        "texto": "El amor no se mira, se siente. Y aún más, se demuestra cada día.",
        "autor": "Anónimo"
    },
    {
        "texto": "Amar es encontrar en la felicidad de otro tu propia felicidad.",
        "autor": "Gottfried Leibniz"
    },
    {
        "texto": "El verdadero amor no tiene final feliz, porque simplemente no tiene final.",
        "autor": "Richard Bach"
    },
    {
        "texto": "El amor es como una planta: hay que regarla todos los días.",
        "autor": "Anónimo"
    },
    {
        "texto": "El amor no es posesión, es apreciación.",
        "autor": "Osho"
    },
    {
        "texto": "En un mundo donde puedes ser cualquier cosa, sé amoroso.",
        "autor": "Anónimo"
    },
    {
        "texto": "El amor es la única respuesta inteligente al problema de la existencia humana.",
        "autor": "Erich Fromm"
    },
    {
        "texto": "El amor no cuenta los años, cuenta los momentos.",
        "autor": "Anónimo"
    },
    {
        "texto": "Amar no es mirarse el uno al otro, es mirar juntos en la misma dirección.",
        "autor": "Antoine de Saint-Exupéry"
    },
    {
        "texto": "El amor es cuando la otra persona es tu felicidad.",
        "autor": "Anónimo"
    },
    {
        "texto": "El amor es el lenguaje que los sordos pueden oír y los ciegos pueden ver.",
        "autor": "Mark Twain"
    },
    {
        "texto": "El amor verdadero es como los fantasmas: todo el mundo habla de él, pero pocos lo han visto.",
        "autor": "François de La Rochefoucauld"
    },
    {
        "texto": "El amor no es encontrar a alguien perfecto, sino ver perfectamente a alguien imperfecto.",
        "autor": "Sam Keen"
    },
    {
        "texto": "El amor es la única cosa que crece cuando se reparte.",
        "autor": "Albert Schweitzer"
    },
    {
        "texto": "El amor es paciente, el amor es bondadoso. No tiene envidia, no se jacta, no es orgulloso.",
        "autor": "1 Corintios 13:4"
    },
    {
        "texto": "El amor es como el viento, no puedes verlo pero puedes sentirlo.",
        "autor": "Nicholas Sparks"
    },
    {
        "texto": "El amor es la fuerza más humilde pero más poderosa de que dispone el mundo.",
        "autor": "Mahatma Gandhi"
    },
    {
        "texto": "El amor no es algo que encuentras. El amor es algo que te encuentra.",
        "autor": "Loretta Young"
    },
    {
        "texto": "El amor es la poesía de los sentidos.",
        "autor": "Honoré de Balzac"
    },
    {
        "texto": "El amor es el arte de crear algo con los materiales que otro ser humano te da.",
        "autor": "Anónimo"
    },
    {
        "texto": "El amor es la llave maestra que abre las puertas de la felicidad.",
        "autor": "Oliver Wendell Holmes"
    },
    {
        "texto": "El amor es como una amistad en llamas. Al principio, llama, muy bonita, a menudo caliente y feroz.",
        "autor": "Bruce Lee"
    },
    {
        "texto": "El amor es la condición en la que la felicidad de otra persona es esencial para la tuya.",
        "autor": "Robert A. Heinlein"
    },
    {
        "texto": "El amor es la respuesta, y tú lo sabes.",
        "autor": "John Lennon"
    },
    {
        "texto": "El amor es la única libertad en el mundo, porque eleva tanto el espíritu.",
        "autor": "Khalil Gibran"
    },
    {
        "texto": "El amor es la medicina más grande para los problemas del mundo.",
        "autor": "Anónimo"
    },
    {
        "texto": "El amor es como una flor, hay que dejarlo crecer.",
        "autor": "John Lennon"
    },
    {
        "texto": "El amor es la única luz que puede guiarnos a través de la oscuridad.",
        "autor": "Anónimo"
    },
    {
        "texto": "El amor es el pegamento que mantiene unidas a las almas gemelas.",
        "autor": "Anónimo"
    },
    {
        "texto": "El amor es el arte de ver lo invisible y sentir lo intangible.",
        "autor": "Anónimo"
    },
    {
        "texto": "El amor es el puente entre dos corazones solitarios.",
        "autor": "Anónimo"
    },
    {
        "texto": "El amor es la melodía que hace bailar a los corazones al unísono.",
        "autor": "Anónimo"
    },
    {
        "texto": "El amor es el fuego que enciende el alma y nunca se apaga.",
        "autor": "Anónimo"
    },
    {
        "texto": "El amor es la luz que ilumina incluso los rincones más oscuros del corazón.",
        "autor": "Anónimo"
    },
    {
        "texto": "El amor es el mejor maestro, el más sabio consejero y el más fiel compañero.",
        "autor": "Anónimo"
    },
    {
        "texto": "El amor es el único espejo donde podemos vernos realmente como somos.",
        "autor": "Anónimo"
    },
    {
        "texto": "El amor es el lenguaje silencioso que habla directamente al corazón.",
        "autor": "Anónimo"
    },
    {
        "texto": "El amor es el regalo que sigue dando, incluso cuando parece que no queda nada.",
        "autor": "Anónimo"
    },
    {
        "texto": "El amor es la única magia real que existe en este mundo.",
        "autor": "Anónimo"
    },
    {
        "texto": "El amor es el arte de dar sin esperar nada a cambio.",
        "autor": "Anónimo"
    },
    {
        "texto": "El amor es el vínculo invisible que une a dos almas para siempre.",
        "autor": "Anónimo"
    },
    {
        "texto": "El amor es la respuesta a todas las preguntas, la solución a todos los problemas.",
        "autor": "Anónimo"
    },
    {
        "texto": "El amor es el único tesoro que aumenta cuando se comparte.",
        "autor": "Anónimo"
    },
    {
        "texto": "El amor es la melodía que hace que la vida valga la pena ser vivida.",
        "autor": "Anónimo"
    },
    {
        "texto": "El amor es el único poder capaz de transformar un enemigo en un amigo.",
        "autor": "Martin Luther King Jr."
    },
    {
        "texto": "El amor es como una rosa: hermosa pero con espinas, y vale la pena el riesgo.",
        "autor": "Anónimo"
    },
    {
        "texto": "El amor es el único sentimiento que no tiene fecha de caducidad.",
        "autor": "Anónimo"
    },
    {
        "texto": "El amor es el único refugio seguro en un mundo lleno de tempestades.",
        "autor": "Anónimo"
    },
    {
        "texto": "El amor es el único sentimiento que no necesita traducción.",
        "autor": "Anónimo"
    },
    {
        "texto": "El amor es el único fuego que no quema, sino que calienta el alma.",
        "autor": "Anónimo"
    },
    {
        "texto": "El amor es el único jardín donde las flores nunca se marchitan.",
        "autor": "Anónimo"
    },
    {
        "texto": "El amor es el único puente entre la soledad y la compañía.",
        "autor": "Anónimo"
    },
    {
        "texto": "El amor es el único espejo donde vemos nuestra mejor versión.",
        "autor": "Anónimo"
    },
    {
        "texto": "El amor es el único idioma que todos entienden sin necesidad de palabras.",
        "autor": "Anónimo"
    },
    {
        "texto": "El amor no es cuánto tiempo pasas con alguien, es cuánto te importa esa persona en cada momento.",
        "autor": "Anónimo"
    },
    {
        "texto": "El amor es la magia más poderosa que existe en el universo.",
        "autor": "Anónimo"
    },
    {
        "texto": "El amor no se cuenta en años, sino en latidos.",
        "autor": "Anónimo"
    },
    {
        "texto": "El amor es encontrar en alguien todo lo que necesitas y todo lo que no sabías que necesitabas.",
        "autor": "Anónimo"
    },
    {
        "texto": "El amor es cuando miras a alguien y no ves sus defectos, sino su belleza interior.",
        "autor": "Anónimo"
    },
    {
        "texto": "El amor es la única realidad y no es una mera emoción, es la verdad última que yace en el corazón de la creación.",
        "autor": "Rabindranath Tagore"
    },
    {
        "texto": "El amor es como el sol: no puedes detenerlo, pero puedes disfrutar de su calor.",
        "autor": "Anónimo"
    },
    {
        "texto": "El amor es la única respuesta a la pregunta del sentido de la vida.",
        "autor": "Anónimo"
    },
    {
        "texto": "El amor es el idioma que todos entendemos, sin importar de dónde venimos.",
        "autor": "Anónimo"
    },
    {
        "texto": "El amor es la brújula que nos guía en el viaje de la vida.",
        "autor": "Anónimo"
    },
    {
        "texto": "El amor es la música del alma que hace bailar al corazón.",
        "autor": "Anónimo"
    },
    {
        "texto": "El amor es el regalo más grande que un corazón puede dar.",
        "autor": "Anónimo"
    },
    {
        "texto": "El amor es como un jardín: si no lo cuidas, las malas hierbas crecerán.",
        "autor": "Anónimo"
    },
    {
        "texto": "El amor es la única cosa que no disminuye cuando se comparte.",
        "autor": "Anónimo"
    },
    {
        "texto": "El amor es la única moneda que vale en cualquier país.",
        "autor": "Anónimo"
    },
    {
        "texto": "El amor es la fuerza más poderosa del universo; es capaz de transformar vidas en un instante.",
        "autor": "Anónimo"
    },
    {
        "texto": "El amor es el arte de escuchar sin palabras.",
        "autor": "Anónimo"
    },
    {
        "texto": "El amor es el único espejo donde el alma se refleja con honestidad.",
        "autor": "Anónimo"
    },
    {
        "texto": "El amor es el único lugar donde el tiempo se detiene.",
        "autor": "Anónimo"
    },
    {
        "texto": "El amor es el único refugio donde la vulnerabilidad se convierte en fuerza.",
        "autor": "Anónimo"
    },
    {
        "texto": "El amor es la única melodía que todos podemos tararear sin conocer la letra.",
        "autor": "Anónimo"
    },
    {
        "texto": "El amor es el único viaje donde el destino es menos importante que el camino.",
        "autor": "Anónimo"
    },
    {
        "texto": "El amor es la única danza donde no importa si pisas los pies de tu pareja.",
        "autor": "Anónimo"
    },
    {
        "texto": "El amor es el único juego donde perder significa ganar.",
        "autor": "Anónimo"
    },
    {
        "texto": "El amor es la única tormenta que no destruye, sino que purifica.",
        "autor": "Anónimo"
    },
    {
        "texto": "El amor es el único idioma que no necesita traductor.",
        "autor": "Anónimo"
    },
    {
        "texto": "El amor es el único espejo que no miente.",
        "autor": "Anónimo"
    },
    {
        "texto": "El amor es el único abrazo que calma todas las tempestades.",
        "autor": "Anónimo"
    },
    {
        "texto": "El amor es el único regalo que se disfruta más al darlo que al recibirlo.",
        "autor": "Anónimo"
    },
    {
        "texto": "El amor es el único fuego que no deja cenizas, solo calor.",
        "autor": "Anónimo"
    },
    {
        "texto": "El amor es el único jardín donde las flores brotan en invierno.",
        "autor": "Anónimo"
    },
    {
        "texto": "El amor es el único puerto seguro en el mar de la vida.",
        "autor": "Anónimo"
    },
    {
        "texto": "El amor es el único libro que nunca terminas de leer.",
        "autor": "Anónimo"
    },
    {
        "texto": "El amor es el único mapa que no necesita brújula.",
        "autor": "Anónimo"
    },
    {
        "texto": "El amor es el único espejo que refleja el alma.",
        "autor": "Anónimo"
    },
    {
        "texto": "El amor es el único perfume que nunca se evapora.",
        "autor": "Anónimo"
    },
    {
        "texto": "El amor es el único idioma universal.",
        "autor": "Anónimo"
    },
    {
        "texto": "El amor es el único lugar donde puedes ser tú mismo sin miedo.",
        "autor": "Anónimo"
    },
    {
        "texto": "El amor es el único refugio donde el tiempo no existe.",
        "autor": "Anónimo"
    },
    {
        "texto": "El amor es el único viaje donde el destino es el camino.",
        "autor": "Anónimo"
    },
    {
        "texto": "El amor es el único juego donde todos ganan.",
        "autor": "Anónimo"
    },
    {
        "texto": "El amor es el único espejo donde vemos nuestro verdadero yo.",
        "autor": "Anónimo"
    },
    {
        "texto": "El amor es el único idioma que no necesita palabras.",
        "autor": "Anónimo"
    },
    {
        "texto": "El amor es el único abrazo que calma el alma.",
        "autor": "Anónimo"
    },
    {
        "texto": "El amor es el único regalo que se multiplica al darlo.",
        "autor": "Anónimo"
    },
    {
        "texto": "El amor es el único fuego que nunca se apaga.",
        "autor": "Anónimo"
    },
    {
        "texto": "El amor es el único jardín que florece en cualquier estación.",
        "autor": "Anónimo"
    },
    {
        "texto": "El amor es el único puerto en la tormenta de la vida.",
        "autor": "Anónimo"
    },
    {
        "texto": "El amor es el único libro cuyo prólogo es tan hermoso como su epílogo.",
        "autor": "Anónimo"
    },
    {
        "texto": "El amor es el único mapa que siempre te lleva a casa.",
        "autor": "Anónimo"
    },
    {
        "texto": "El amor es el único espejo que nunca distorsiona la verdad.",
        "autor": "Anónimo"
    },
    {
        "texto": "El amor es el único perfume que embriaga el corazón.",
        "autor": "Anónimo"
    },
    {
        "texto": "El amor es el único idioma que todos comprenden.",
        "autor": "Anónimo"
    },
    {
        "texto": "El amor es el único lugar donde el tiempo se detiene.",
        "autor": "Anónimo"
    },
    {
        "texto": "El amor es el único refugio donde el alma descansa.",
        "autor": "Anónimo"
    },
    {
        "texto": "El amor es el único viaje donde el camino es el destino.",
        "autor": "Anónimo"
    },
    {
        "texto": "El amor es el único juego donde no hay perdedores.",
        "autor": "Anónimo"
    },
    {
        "texto": "El amor es el único espejo que refleja el corazón.",
        "autor": "Anónimo"
    },
    {
        "texto": "El amor es el único idioma que no necesita traducción.",
        "autor": "Anónimo"
    },
    {
        "texto": "El amor es el único abrazo que sana todas las heridas.",
        "autor": "Anónimo"
    },
    {
        "texto": "El amor es el único regalo que nunca pierde su valor.",
        "autor": "Anónimo"
    },
    {
        "texto": "El amor es el único fuego que ilumina sin quemar.",
        "autor": "Anónimo"
    },
    {
        "texto": "El amor es el único jardín donde todas las flores son hermosas.",
        "autor": "Anónimo"
    },
    {
        "texto": "El amor es el único puerto seguro en el océano de la vida.",
        "autor": "Anónimo"
    },
    {
        "texto": "El amor es el único libro que nunca terminas de aprender.",
        "autor": "Anónimo"
    },
    {
        "texto": "El amor es el único mapa que siempre te guía a casa.",
        "autor": "Anónimo"
    },
    {
        "texto": "El amor es el único espejo que no miente.",
        "autor": "Anónimo"
    },
    {
        "texto": "El amor es el único perfume que nunca se desvanece.",
        "autor": "Anónimo"
    },
    {
        "texto": "El amor es el único idioma que todos hablamos.",
        "autor": "Anónimo"
    },
    {
        "texto": "El amor es el único lugar donde puedes ser libre.",
        "autor": "Anónimo"
    },
    {
        "texto": "El amor es el único refugio donde el corazón descansa.",
        "autor": "Anónimo"
    },
    {
        "texto": "El amor es el único viaje que vale la pena emprender.",
        "autor": "Anónimo"
    },
    {
        "texto": "El amor es el único juego donde todos ganamos.",
        "autor": "Anónimo"
    },
    {
        "texto": "El amor es el único espejo que muestra el alma.",
        "autor": "Anónimo"
    },
    {
        "texto": "El amor es el único idioma que no necesita voz.",
        "autor": "Anónimo"
    },
    {
        "texto": "El amor es el único abrazo que nunca termina.",
        "autor": "Anónimo"
    },
    {
        "texto": "El amor es el único regalo que siempre es perfecto.",
        "autor": "Anónimo"
    },
    {
        "texto": "El amor es el único fuego que nunca se extingue.",
        "autor": "Anónimo"
    },
    {
        "texto": "El amor es el único jardín que nunca pasa de moda.",
        "autor": "Anónimo"
    },
    {
        "texto": "El amor es el único puerto en la tempestad.",
        "autor": "Anónimo"
    },
    {
        "texto": "El amor es el único libro que siempre tiene un final feliz.",
        "autor": "Anónimo"
    },
    {
        "texto": "El amor es el único mapa que nunca te pierde.",
        "autor": "Anónimo"
    },
    {
        "texto": "El amor es el único espejo que refleja la verdad.",
        "autor": "Anónimo"
    },
    {
        "texto": "El amor es el único perfume que nunca caduca.",
        "autor": "Anónimo"
    },
    {
        "texto": "El amor es el único idioma que todos entienden.",
        "autor": "Anónimo"
    },
    {
        "texto": "El amor es el único lugar donde el tiempo no existe.",
        "autor": "Anónimo"
    },
    {
        "texto": "El amor es el único refugio donde el alma es libre.",
        "autor": "Anónimo"
    },
    {
        "texto": "El amor es el único viaje que nunca termina.",
        "autor": "Anónimo"
    },
    {
        "texto": "El amor es el único juego donde el corazón siempre gana.",
        "autor": "Anónimo"
    },
    {
        "texto": "El amor es el único espejo que no distorsiona.",
        "autor": "Anónimo"
    },
    {
        "texto": "El amor es el único idioma que no necesita gramática.",
        "autor": "Anónimo"
        }
        ]