[
    {
        "texto": "El éxito es la suma de pequeños esfuerzos repetidos día tras día.",
        "autor": "Robert Collier"
    },
    {
        "texto": "No esperes el momento perfecto, toma el momento y hazlo perfecto.",
        "autor": "Anónimo"
    },
    {
        "texto": "El único límite para nuestros logros es el que ponemos en nuestras mentes.",
        "autor": "Napoleón Hill"
    },
    {
        "texto": "Si puedes soñarlo, puedes hacerlo.",
        "autor": "Walt Disney"
    },
    {
        "texto": "La disciplina es el puente entre las metas y los logros.",
        "autor": "Jim Rohn"
    },
    {
        "texto": "Cada día es una nueva oportunidad para cambiar tu vida.",
        "autor": "Anónimo"
    },
    {
        "texto": "El fracaso es simplemente la oportunidad de comenzar de nuevo, esta vez de forma más inteligente.",
        "autor": "Henry Ford"
    },
    {
        "texto": "Tú eres el único que puede limitar tu grandeza.",
        "autor": "Anónimo"
    },
    {
        "texto": "La actitud es una pequeña cosa que marca una gran diferencia.",
        "autor": "Winston Churchill"
    },
    {
        "texto": "No importa lo lento que vayas, siempre y cuando no te detengas.",
        "autor": "Confucio"
    },
    {
        "texto": "El miedo es solo una ilusión. El peligro real está en no intentarlo.",
        "autor": "Anónimo"
    },
    {
        "texto": "La vida es 10% lo que me ocurre y 90% cómo reacciono a ello.",
        "autor": "Charles R. Swindoll"
    },
    {
        "texto": "La mejor manera de predecir el futuro es crearlo.",
        "autor": "Peter Drucker"
    },
    {
        "texto": "Trabaja en silencio y deja que el éxito haga el ruido.",
        "autor": "Anónimo"
    },
    {
        "texto": "El secreto para avanzar es comenzar.",
        "autor": "Mark Twain"
    },
    {
        "texto": "Si no estás dispuesto a arriesgar, no puedes crecer.",
        "autor": "Anónimo"
    },
    {
        "texto": "La persistencia convierte el fracaso en logro extraordinario.",
        "autor": "Albert Einstein"
    },
    {
        "texto": "No cuentes los días, haz que los días cuenten.",
        "autor": "Muhammad Ali"
    },
    {
        "texto": "La motivación te ayuda a comenzar. El hábito te mantiene en marcha.",
        "autor": "Jim Ryun"
    },
    {
        "texto": "El éxito no es para los que piensan que pueden, sino para los que lo hacen.",
        "autor": "Anónimo"
    },
    {
        "texto": "La única manera de hacer un gran trabajo es amar lo que haces.",
        "autor": "Steve Jobs"
    },
    {
        "texto": "El futuro pertenece a quienes creen en la belleza de sus sueños.",
        "autor": "Eleanor Roosevelt"
    },
    {
        "texto": "No te conformes con lo que necesitas, lucha por lo que mereces.",
        "autor": "Anónimo"
    },
    {
        "texto": "Cada logro comienza con la decisión de intentarlo.",
        "autor": "John F. Kennedy"
    },
    {
        "texto": "La excelencia no es un acto, sino un hábito.",
        "autor": "Aristóteles"
    },
    {
        "texto": "Si quieres algo que nunca tuviste, debes hacer algo que nunca hiciste.",
        "autor": "Anónimo"
    },
    {
        "texto": "La diferencia entre lo ordinario y lo extraordinario es ese pequeño extra.",
        "autor": "Jimmy Johnson"
    },
    {
        "texto": "No dejes que el miedo a perder sea mayor que la emoción de ganar.",
        "autor": "Robert Kiyosaki"
    },
    {
        "texto": "El optimismo es la fe que conduce al logro.",
        "autor": "Helen Keller"
    },
    {
        "texto": "La paciencia es amarga, pero su fruto es dulce.",
        "autor": "Jean-Jacques Rousseau"
    },
    {
        "texto": "El éxito es aprender a ir de fracaso en fracaso sin desesperarse.",
        "autor": "Winston Churchill"
    },
    {
        "texto": "La vida es corta. Despierta cada mañana con pasión.",
        "autor": "Anónimo"
    },
    {
        "texto": "No hay ascensor al éxito, tienes que tomar las escaleras.",
        "autor": "Zig Ziglar"
    },
    {
        "texto": "La creatividad es la inteligencia divirtiéndose.",
        "autor": "Albert Einstein"
    },
    {
        "texto": "La suerte es lo que sucede cuando la preparación encuentra la oportunidad.",
        "autor": "Séneca"
    },
    {
        "texto": "No importa cuántas veces falles, solo necesitas tener razón una vez.",
        "autor": "Mark Cuban"
    },
    {
        "texto": "La grandeza no está en poseer habilidades, sino en usarlas bien.",
        "autor": "Anónimo"
    },
    {
        "texto": "El cambio duele, pero el estancamiento mata.",
        "autor": "Robin Sharma"
    },
    {
        "texto": "La acción es la clave fundamental para todo éxito.",
        "autor": "Pablo Picasso"
    },
    {
        "texto": "No esperes a que las condiciones sean perfectas. Empieza ahora.",
        "autor": "Anónimo"
    },
    {
        "texto": "La disciplina es elegir entre lo que quieres ahora y lo que quieres más.",
        "autor": "Abraham Lincoln"
    },
    {
        "texto": "El éxito no es para los que nunca fallan, sino para los que nunca se rinden.",
        "autor": "Anónimo"
    },
    {
        "texto": "La mente es como un paracaídas: solo funciona si se abre.",
        "autor": "Albert Einstein"
    },
    {
        "texto": "No hay atajos a ningún lugar que valga la pena visitar.",
        "autor": "Beverly Sills"
    },
    {
        "texto": "La confianza en sí mismo es el primer secreto del éxito.",
        "autor": "Ralph Waldo Emerson"
    },
    {
        "texto": "El miedo es el ladrón de los sueños.",
        "autor": "Anónimo"
    },
    {
        "texto": "La única persona que está destinada a triunfar es la que nunca se rinde.",
        "autor": "Anónimo"
    },
    {
        "texto": "No te compares con nadie. Tú eres único/a.",
        "autor": "Anónimo"
    },
    {
        "texto": "La perseverancia no es una carrera larga; son muchas carreras cortas, una tras otra.",
        "autor": "Walter Elliot"
    },
    {
        "texto": "El éxito es la paz mental que resulta de saber que hiciste lo mejor que pudiste.",
        "autor": "John Wooden"
    },
    {
        "texto": "La vida es como montar en bicicleta: para mantener el equilibrio, debes seguir moviéndote.",
        "autor": "Albert Einstein"
    },
    {
        "texto": "No hay sustituto para el trabajo duro.",
        "autor": "Thomas Edison"
    },
    {
        "texto": "La mejor venganza es el éxito masivo.",
        "autor": "Frank Sinatra"
    },
    {
        "texto": "El tiempo es limitado, no lo malgastes viviendo la vida de otra persona.",
        "autor": "Steve Jobs"
    },
    {
        "texto": "La oportunidad no toca la puerta dos veces.",
        "autor": "Anónimo"
    },
    {
        "texto": "No dejes que lo que no puedes hacer interfiera con lo que sí puedes hacer.",
        "autor": "John Wooden"
    },
    {
        "texto": "La verdadera prueba no es si evitas el fracaso, sino si te dejas afectar por él.",
        "autor": "Anónimo"
    },
    {
        "texto": "El éxito no es final, el fracaso no es fatal: es el coraje para continuar lo que cuenta.",
        "autor": "Winston Churchill"
    },
    {
        "texto": "La felicidad no es algo hecho. Viene de tus propias acciones.",
        "autor": "Dalai Lama"
    },
    {
        "texto": "No hay tráfico en el camino extra.",
        "autor": "Anónimo"
    },
    {
        "texto": "La única manera de hacer algo grande es amar lo que haces.",
        "autor": "Steve Jobs"
    },
    {
        "texto": "El éxito es la suma de pequeños esfuerzos repetidos día tras día.",
        "autor": "Robert Collier"
    },
    {
        "texto": "La vida es corta. Vive apasionadamente.",
        "autor": "Anónimo"
    },
    {
        "texto": "No esperes. El momento nunca será el perfecto.",
        "autor": "Napoleón Hill"
    },
    {
        "texto": "La mejor manera de predecir el futuro es inventarlo.",
        "autor": "Alan Kay"
    },
    {
        "texto": "El fracaso es el condimento que da sabor al éxito.",
        "autor": "Truman Capote"
    },
    {
        "texto": "La disciplina es el puente entre las metas y los logros.",
        "autor": "Jim Rohn"
    },
    {
        "texto": "No importa lo lento que vayas, siempre y cuando no te detengas.",
        "autor": "Confucio"
    },
    {
        "texto": "La actitud es una pequeña cosa que marca una gran diferencia.",
        "autor": "Winston Churchill"
    },
    {
        "texto": "El miedo es solo una ilusión. El peligro real está en no intentarlo.",
        "autor": "Anónimo"
    },
    {
        "texto": "La vida es 10% lo que me ocurre y 90% cómo reacciono a ello.",
        "autor": "Charles R. Swindoll"
    },
    {
        "texto": "No cuentes los días, haz que los días cuenten.",
        "autor": "Muhammad Ali"
    },
    {
        "texto": "La persistencia convierte el fracaso en logro extraordinario.",
        "autor": "Albert Einstein"
    },
    {
        "texto": "El secreto para avanzar es comenzar.",
        "autor": "Mark Twain"
    },
    {
        "texto": "La motivación te ayuda a comenzar. El hábito te mantiene en marcha.",
        "autor": "Jim Ryun"
    },
    {
        "texto": "No te conformes con lo que necesitas, lucha por lo que mereces.",
        "autor": "Anónimo"
    },
    {
        "texto": "La excelencia no es un acto, sino un hábito.",
        "autor": "Aristóteles"
    },
    {
        "texto": "El futuro pertenece a quienes creen en la belleza de sus sueños.",
        "autor": "Eleanor Roosevelt"
    },
    {
        "texto": "La única manera de hacer un gran trabajo es amar lo que haces.",
        "autor": "Steve Jobs"
    },
    {
        "texto": "No dejes que el miedo a perder sea mayor que la emoción de ganar.",
        "autor": "Robert Kiyosaki"
    },
    {
        "texto": "La diferencia entre lo ordinario y lo extraordinario es ese pequeño extra.",
        "autor": "Jimmy Johnson"
    },
    {
        "texto": "Si quieres algo que nunca tuviste, debes hacer algo que nunca hiciste.",
        "autor": "Anónimo"
    },
    {
        "texto": "La paciencia es amarga, pero su fruto es dulce.",
        "autor": "Jean-Jacques Rousseau"
    },
    {
        "texto": "El optimismo es la fe que conduce al logro.",
        "autor": "Helen Keller"
    },
    {
        "texto": "No hay ascensor al éxito, tienes que tomar las escaleras.",
        "autor": "Zig Ziglar"
    },
    {
        "texto": "La vida es corta. Despierta cada mañana con pasión.",
        "autor": "Anónimo"
    },
    {
        "texto": "El éxito es aprender a ir de fracaso en fracaso sin desesperarse.",
        "autor": "Winston Churchill"
    },
    {
        "texto": "La creatividad es la inteligencia divirtiéndose.",
        "autor": "Albert Einstein"
    },
    {
        "texto": "No importa cuántas veces falles, solo necesitas tener razón una vez.",
        "autor": "Mark Cuban"
    },
    {
        "texto": "La suerte es lo que sucede cuando la preparación encuentra la oportunidad.",
        "autor": "Séneca"
    },
    {
        "texto": "La grandeza no está en poseer habilidades, sino en usarlas bien.",
        "autor": "Anónimo"
    },
    {
        "texto": "El cambio duele, pero el estancamiento mata.",
        "autor": "Robin Sharma"
    },
    {
        "texto": "La acción es la clave fundamental para todo éxito.",
        "autor": "Pablo Picasso"
    },
    {
        "texto": "No esperes a que las condiciones sean perfectas. Empieza ahora.",
        "autor": "Anónimo"
    },
    {
        "texto": "La disciplina es elegir entre lo que quieres ahora y lo que quieres más.",
        "autor": "Abraham Lincoln"
    },
    {
        "texto": "El éxito no es para los que nunca fallan, sino para los que nunca se rinden.",
        "autor": "Anónimo"
    },
    {
        "texto": "La mente es como un paracaídas: solo funciona si se abre.",
        "autor": "Albert Einstein"
    },
    {
        "texto": "No hay atajos a ningún lugar que valga la pena visitar.",
        "autor": "Beverly Sills"
    },
    {
        "texto": "La confianza en sí mismo es el primer secreto del éxito.",
        "autor": "Ralph Waldo Emerson"
    },
    {
        "texto": "El miedo es el ladrón de los sueños.",
        "autor": "Anónimo"
    },
    {
        "texto": "La única persona que está destinada a triunfar es la que nunca se rinde.",
        "autor": "Anónimo"
    },
    {
        "texto": "No te compares con nadie. Tú eres único/a.",
        "autor": "Anónimo"
    },
    {
        "texto": "La perseverancia no es una carrera larga; son muchas carreras cortas, una tras otra.",
        "autor": "Walter Elliot"
    },
    {
        "texto": "El éxito es la paz mental que resulta de saber que hiciste lo mejor que pudiste.",
        "autor": "John Wooden"
    },
    {
        "texto": "La vida es como montar en bicicleta: para mantener el equilibrio, debes seguir moviéndote.",
        "autor": "Albert Einstein"
    },
    {
        "texto": "No hay sustituto para el trabajo duro.",
        "autor": "Thomas Edison"
    },
    {
        "texto": "La mejor venganza es el éxito masivo.",
        "autor": "Frank Sinatra"
    },
    {
        "texto": "El tiempo es limitado, no lo malgastes viviendo la vida de otra persona.",
        "autor": "Steve Jobs"
    },
    {
        "texto": "La oportunidad no toca la puerta dos veces.",
        "autor": "Anónimo"
    },
    {
        "texto": "No dejes que lo que no puedes hacer interfiera con lo que sí puedes hacer.",
        "autor": "John Wooden"
    },
    {
        "texto": "La verdadera prueba no es si evitas el fracaso, sino si te dejas afectar por él.",
        "autor": "Anónimo"
    },
    {
        "texto": "El éxito no es final, el fracaso no es fatal: es el coraje para continuar lo que cuenta.",
        "autor": "Winston Churchill"
    },
    {
        "texto": "La felicidad no es algo hecho. Viene de tus propias acciones.",
        "autor": "Dalai Lama"
    },
    {
        "texto": "No hay tráfico en el camino extra.",
        "autor": "Anónimo"
    },
    {
        "texto": "La única manera de hacer algo grande es amar lo que haces.",
        "autor": "Steve Jobs"
    },
    {
        "texto": "El éxito es la suma de pequeños esfuerzos repetidos día tras día.",
        "autor": "Robert Collier"
    },
    {
        "texto": "La vida es corta. Vive apasionadamente.",
        "autor": "Anónimo"
    },
    {
        "texto": "No esperes. El momento nunca será el perfecto.",
        "autor": "Napoleón Hill"
    },
    {
        "texto": "La mejor manera de predecir el futuro es inventarlo.",
        "autor": "Alan Kay"
    },
    {
        "texto": "El fracaso es el condimento que da sabor al éxito.",
        "autor": "Truman Capote"
    },
    {
        "texto": "La disciplina es el puente entre las metas y los logros.",
        "autor": "Jim Rohn"
    },
    {
        "texto": "No importa lo lento que vayas, siempre y cuando no te detengas.",
        "autor": "Confucio"
    },
    {
        "texto": "La actitud es una pequeña cosa que marca una gran diferencia.",
        "autor": "Winston Churchill"
    },
    {
        "texto": "El miedo es solo una ilusión. El peligro real está en no intentarlo.",
        "autor": "Anónimo"
    },
    {
        "texto": "La vida es 10% lo que me ocurre y 90% cómo reacciono a ello.",
        "autor": "Charles R. Swindoll"
    },
    {
        "texto": "No cuentes los días, haz que los días cuenten.",
        "autor": "Muhammad Ali"
    },
    {
        "texto": "La persistencia convierte el fracaso en logro extraordinario.",
        "autor": "Albert Einstein"
    },
    {
        "texto": "El secreto para avanzar es comenzar.",
        "autor": "Mark Twain"
    },
    {
        "texto": "La motivación te ayuda a comenzar. El hábito te mantiene en marcha.",
        "autor": "Jim Ryun"
    },
    {
        "texto": "No te conformes con lo que necesitas, lucha por lo que mereces.",
        "autor": "Anónimo"
    },
    {
        "texto": "La excelencia no es un acto, sino un hábito.",
        "autor": "Aristóteles"
    },
    {
        "texto": "El futuro pertenece a quienes creen en la belleza de sus sueños.",
        "autor": "Eleanor Roosevelt"
    },
    {
        "texto": "La única manera de hacer un gran trabajo es amar lo que haces.",
        "autor": "Steve Jobs"
    },
    {
        "texto": "No dejes que el miedo a perder sea mayor que la emoción de ganar.",
        "autor": "Robert Kiyosaki"
    },
    {
        "texto": "La diferencia entre lo ordinario y lo extraordinario es ese pequeño extra.",
        "autor": "Jimmy Johnson"
    },
    {
        "texto": "Si quieres algo que nunca tuviste, debes hacer algo que nunca hiciste.",
        "autor": "Anónimo"
    },
    {
        "texto": "La paciencia es amarga, pero su fruto es dulce.",
        "autor": "Jean-Jacques Rousseau"
    },
    {
        "texto": "El optimismo es la fe que conduce al logro.",
        "autor": "Helen Keller"
    },
    {
        "texto": "No hay ascensor al éxito, tienes que tomar las escaleras.",
        "autor": "Zig Ziglar"
    },
    {
        "texto": "La vida es corta. Despierta cada mañana con pasión.",
        "autor": "Anónimo"
    },
    {
        "texto": "El éxito es aprender a ir de fracaso en fracaso sin desesperarse.",
        "autor": "Winston Churchill"
    },
    {
        "texto": "La creatividad es la inteligencia divirtiéndose.",
        "autor": "Albert Einstein"
    },
    {
        "texto": "No importa cuántas veces falles, solo necesitas tener razón una vez.",
        "autor": "Mark Cuban"
    },
    {
        "texto": "La suerte es lo que sucede cuando la preparación encuentra la oportunidad.",
        "autor": "Séneca"
    },
    {
        "texto": "La grandeza no está en poseer habilidades, sino en usarlas bien.",
        "autor": "Anónimo"
    },
    {
        "texto": "El cambio duele, pero el estancamiento mata.",
        "autor": "Robin Sharma"
    },
    {
        "texto": "La acción es la clave fundamental para todo éxito.",
        "autor": "Pablo Picasso"
    },
    {
        "texto": "No esperes a que las condiciones sean perfectas. Empieza ahora.",
        "autor": "Anónimo"
    },
    {
        "texto": "La disciplina es elegir entre lo que quieres ahora y lo que quieres más.",
        "autor": "Abraham Lincoln"
    },
    {
        "texto": "El éxito no es para los que nunca fallan, sino para los que nunca se rinden.",
        "autor": "Anónimo"
    },
    {
        "texto": "La mente es como un paracaídas: solo funciona si se abre.",
        "autor": "Albert Einstein"
    },
    {
        "texto": "No hay atajos a ningún lugar que valga la pena visitar.",
        "autor": "Beverly Sills"
    },
    {
        "texto": "La confianza en sí mismo es el primer secreto del éxito.",
        "autor": "Ralph Waldo Emerson"
    },
    {
        "texto": "El miedo es el ladrón de los sueños.",
        "autor": "Anónimo"
    },
    {
        "texto": "La única persona que está destinada a triunfar es la que nunca se rinde.",
        "autor": "Anónimo"
    },
    {
        "texto": "No te compares con nadie. Tú eres único/a.",
        "autor": "Anónimo"
    },
    {
        "texto": "La perseverancia no es una carrera larga; son muchas carreras cortas, una tras otra.",
        "autor": "Walter Elliot"
    },
    {
        "texto": "El éxito es la paz mental que resulta de saber que hiciste lo mejor que pudiste.",
        "autor": "John Wooden"
    },
    {
        "texto": "La vida es como montar en bicicleta: para mantener el equilibrio, debes seguir moviéndote.",
        "autor": "Albert Einstein"
    },
    {
        "texto": "No hay sustituto para el trabajo duro.",
        "autor": "Thomas Edison"
    },
    {
        "texto": "La mejor venganza es el éxito masivo.",
        "autor": "Frank Sinatra"
    },
    {
        "texto": "El tiempo es limitado, no lo malgastes viviendo la vida de otra persona.",
        "autor": "Steve Jobs"
    },
    {
        "texto": "La oportunidad no toca la puerta dos veces.",
        "autor": "Anónimo"
    },
    {
        "texto": "No dejes que lo que no puedes hacer interfiera con lo que sí puedes hacer.",
        "autor": "John Wooden"
    },
    {
        "texto": "La verdadera prueba no es si evitas el fracaso, sino si te dejas afectar por él.",
        "autor": "Anónimo"
    },
    {
        "texto": "El éxito no es final, el fracaso no es fatal: es el coraje para continuar lo que cuenta.",
        "autor": "Winston Churchill"
    },
    {
        "texto": "La felicidad no es algo hecho. Viene de tus propias acciones.",
        "autor": "Dalai Lama"
    },
    {
        "texto": "No hay tráfico en el camino extra.",
        "autor": "Anónimo"
    },
    {
        "texto": "La única manera de hacer algo grande es amar lo que haces.",
        "autor": "Steve Jobs"
    },
    {
        "texto": "El éxito es la suma de pequeños esfuerzos repetidos día tras día.",
        "autor": "Robert Collier"
    },
    {
        "texto": "La vida es corta. Vive apasionadamente.",
        "autor": "Anónimo"
    },
    {
        "texto": "No esperes. El momento nunca será el perfecto.",
        "autor": "Napoleón Hill"
    },
    {
        "texto": "La mejor manera de predecir el futuro es inventarlo.",
        "autor": "Alan Kay"
    },
    {
        "texto": "El fracaso es el condimento que da sabor al éxito.",
        "autor": "Truman Capote"
    },
    {
        "texto": "La disciplina es el puente entre las metas y los logros.",
        "autor": "Jim Rohn"
    },
    {
        "texto": "No importa lo lento que vayas, siempre y cuando no te detengas.",
        "autor": "Confucio"
    },
    {
        "texto": "La actitud es una pequeña cosa que marca una gran diferencia.",
        "autor": "Winston Churchill"
    },
    {
        "texto": "El miedo es solo una ilusión. El peligro real está en no intentarlo.",
        "autor": "Anónimo"
    },
    {
        "texto": "La vida es 10% lo que me ocurre y 90% cómo reacciono a ello.",
        "autor": "Charles R. Swindoll"
    },
    {
        "texto": "No cuentes los días, haz que los días cuenten.",
        "autor": "Muhammad Ali"
    },
    {
        "texto": "La persistencia convierte el fracaso en logro extraordinario.",
        "autor": "Albert Einstein"
    },
    {
        "texto": "El secreto para avanzar es comenzar.",
        "autor": "Mark Twain"
    },
    {
        "texto": "La motivación te ayuda a comenzar. El hábito te mantiene en marcha.",
        "autor": "Jim Ryun"
    },
    {
        "texto": "No te conformes con lo que necesitas, lucha por lo que mereces.",
        "autor": "Anónimo"
    },
    {
        "texto": "La excelencia no es un acto, sino un hábito.",
        "autor": "Aristóteles"
    },
    {
        "texto": "El futuro pertenece a quienes creen en la belleza de sus sueños.",
        "autor": "Eleanor Roosevelt"
    },
    {
        "texto": "La única manera de hacer un gran trabajo es amar lo que haces.",
        "autor": "Steve Jobs"
    },
    {
        "texto": "No dejes que el miedo a perder sea mayor que la emoción de ganar.",
        "autor": "Robert Kiyosaki"
    },
    {
        "texto": "La diferencia entre lo ordinario y lo extraordinario es ese pequeño extra.",
        "autor": "Jimmy Johnson"
    },
    {
        "texto": "Si quieres algo que nunca tuviste, debes hacer algo que nunca hiciste.",
        "autor": "Anónimo"
    },
    {
        "texto": "La paciencia es amarga, pero su fruto es dulce.",
        "autor": "Jean-Jacques Rousseau"
    },
    {
        "texto": "El optimismo es la fe que conduce al logro.",
        "autor": "Helen Keller"
    },
    {
        "texto": "No hay ascensor al éxito, tienes que tomar las escaleras.",
        "autor": "Zig Ziglar"
    },
    {
        "texto": "La vida es corta. Despierta cada mañana con pasión.",
        "autor": "Anónimo"
    },
    {
        "texto": "El éxito es aprender a ir de fracaso en fracaso sin desesperarse.",
        "autor": "Winston Churchill"
    },
    {
        "texto": "La creatividad es la inteligencia divirtiéndose.",
        "autor": "Albert Einstein"
    },
    {
        "texto": "No importa cuántas veces falles, solo necesitas tener razón una vez.",
        "autor": "Mark Cuban"
    },
    {
        "texto": "La suerte es lo que sucede cuando la preparación encuentra la oportunidad.",
        "autor": "Séneca"
    },
    {
        "texto": "La grandeza no está en poseer habilidades, sino en usarlas bien.",
        "autor": "Anónimo"
    },
    {
        "texto": "El cambio duele, pero el estancamiento mata.",
        "autor": "Robin Sharma"
    },
    {
        "texto": "La acción es la clave fundamental para todo éxito.",
        "autor": "Pablo Picasso"
    },
    {
        "texto": "No esperes a que las condiciones sean perfectas. Empieza ahora.",
        "autor": "Anónimo"
    },
    {
        "texto": "La disciplina es elegir entre lo que quieres ahora y lo que quieres más.",
        "autor": "Abraham Lincoln"
    },
    {
        "texto": "El éxito no es para los que nunca fallan, sino para los que nunca se rinden.",
        "autor": "Anónimo"
    },
    {
        "texto": "La mente es como un paracaídas: solo funciona si se abre.",
        "autor": "Albert Einstein"
    },
    {
        "texto": "No hay atajos a ningún lugar que valga la pena visitar.",
        "autor": "Beverly Sills"
    },
    {
        "texto": "La confianza en sí mismo es el primer secreto del éxito.",
        "autor": "Ralph Waldo Emerson"
    },
    {
        "texto": "El miedo es el ladrón de los sueños.",
        "autor": "Anónimo"
    },
    {
        "texto": "La única persona que está destinada a triunfar es la que nunca se rinde.",
        "autor": "Anónimo"
    },
    {
        "texto": "No te compares con nadie. Tú eres único/a.",
        "autor": "Anónimo"
    },
    {
        "texto": "La perseverancia no es una carrera larga; son muchas carreras cortas, una tras otra.",
        "autor": "Walter Elliot"
    },
    {
        "texto": "El éxito es la paz mental que resulta de saber que hiciste lo mejor que pudiste.",
        "autor": "John Wooden"
    },
    {
        "texto": "La vida es como montar en bicicleta: para mantener el equilibrio, debes seguir moviéndote.",
        "autor": "Albert Einstein"
    },
    {
        "texto": "No hay sustituto para el trabajo duro.",
        "autor": "Thomas Edison"
    },
    {
        "texto": "La mejor venganza es el éxito masivo.",
        "autor": "Frank Sinatra"
    },
    {
        "texto": "El tiempo es limitado, no lo malgastes viviendo la vida de otra persona.",
        "autor": "Steve Jobs"
    },
    {
        "texto": "La oportunidad no toca la puerta dos veces.",
        "autor": "Anónimo"
    },
    {
        "texto": "No dejes que lo que no puedes hacer interfiera con lo que sí puedes hacer.",
        "autor": "John Wooden"
    },
    {
        "texto": "La verdadera prueba no es si evitas el fracaso, sino si te dejas afectar por él.",
        "autor": "Anónimo"
    },
    {
        "texto": "El éxito no es final, el fracaso no es fatal: es el coraje para continuar lo que cuenta.",
        "autor": "Winston Churchill"
    },
    {
        "texto": "La felicidad no es algo hecho. Viene de tus propias acciones.",
        "autor": "Dalai Lama"
    },
    {
        "texto": "No hay tráfico en el camino extra.",
        "autor": "Anónimo"
    },
    {
        "texto": "La única manera de hacer algo grande es amar lo que haces.",
        "autor": "Steve Jobs"
    },
    {
        "texto": "El éxito es la suma de pequeños esfuerzos repetidos día tras día.",
        "autor": "Robert Collier"
    },
    {
        "texto": "La vida es corta. Vive apasionadamente.",
        "autor": "Anónimo"
    },
    {
        "texto": "No esperes. El momento nunca será el perfecto.",
        "autor": "Napoleón Hill"
    },
    {
        "texto": "La mejor manera de predecir el futuro es inventarlo.",
        "autor": "Alan Kay"
    },
    {
        "texto": "El fracaso es el condimento que da sabor al éxito.",
        "autor": "Truman Capote"
    },
    {
        "texto": "La disciplina es el puente entre las metas y los logros.",
        "autor": "Jim Rohn"
    },
    {
        "texto": "No importa lo lento que vayas, siempre y cuando no te detengas.",
        "autor": "Confucio"
    },
    {
        "texto": "La actitud es una pequeña cosa que marca una gran diferencia.",
        "autor": "Winston Churchill"
    },
    {
        "texto": "El miedo es solo una ilusión. El peligro real está en no intentarlo.",
        "autor": "Anónimo"
    },
    {
        "texto": "La vida es 10% lo que me ocurre y 90% cómo reacciono a ello.",
        "autor": "Charles R. Swindoll"
    }
] 