[
    {
        "texto": "Conocer a los demás es inteligencia, conocerse a sí mismo es sabiduría.",
        "autor": "Lao Tse"
    },
    {
        "texto": "La sabiduría comienza en la admiración.",
        "autor": "Sócrates"
    },
    {
        "texto": "El sabio puede cambiar de opinión. El necio, nunca.",
        "autor": "Immanuel Kant"
    },
    {
        "texto": "La verdadera sabiduría está en reconocer la propia ignorancia.",
        "autor": "Sócrates"
    },
    {
        "texto": "El sabio no dice todo lo que piensa, pero siempre piensa todo lo que dice.",
        "autor": "Aristóteles"
    },
    {
        "texto": "La sabiduría es hija de la experiencia.",
        "autor": "Leonardo da Vinci"
    },
    {
        "texto": "El conocimiento habla, pero la sabiduría escucha.",
        "autor": "Jimi Hendrix"
    },
    {
        "texto": "La sabiduría no es producto de la escolarización, sino del intento de adquirirla durante toda la vida.",
        "autor": "Albert Einstein"
    },
    {
        "texto": "El silencio es el sueño que nutre la sabiduría.",
        "autor": "Francis Bacon"
    },
    {
        "texto": "La sabiduría es la recompensa por escuchar toda una vida.",
        "autor": "Larry King"
    },
    {
        "texto": "El principio de la sabiduría es el temor a Dios.",
        "autor": "Proverbios 1:7"
    },
    {
        "texto": "La sabiduría es saber qué hacer; la virtud es hacerlo.",
        "autor": "David Starr Jordan"
    },
    {
        "texto": "El sabio aprende más de sus enemigos que el necio de sus amigos.",
        "autor": "Baltasar Gracián"
    },
    {
        "texto": "La sabiduría es la hija de la reflexión.",
        "autor": "Voltaire"
    },
    {
        "texto": "El conocimiento te da poder, la sabiduría te da control.",
        "autor": "Bruce Lee"
    },
    {
        "texto": "La sabiduría no viene de la edad, sino de la comprensión.",
        "autor": "Antoine de Saint-Exupéry"
    },
    {
        "texto": "El sabio no se sienta para lamentarse, sino que se pone alegremente a su tarea de reparar el daño hecho.",
        "autor": "William Shakespeare"
    },
    {
        "texto": "La sabiduría es el arte de saber qué pasar por alto.",
        "autor": "William James"
    },
    {
        "texto": "El sabio busca la sabiduría, el necio cree haberla encontrado.",
        "autor": "Napoleón Bonaparte"
    },
    {
        "texto": "La sabiduría es el único bien que no puede ser robado.",
        "autor": "Epicteto"
    },
    {
        "texto": "El sabio puede aprender más de una pregunta estúpida que el necio de una respuesta sabia.",
        "autor": "Bruce Lee"
    },
    {
        "texto": "La sabiduría es la comprensión de que todo está conectado.",
        "autor": "Leonardo da Vinci"
    },
    {
        "texto": "El sabio sabe que ignora.",
        "autor": "Confucio"
    },
    {
        "texto": "La sabiduría no es acumular hechos, sino entender su significado.",
        "autor": "Rabindranath Tagore"
    },
    {
        "texto": "El sabio aprende de los errores de los demás, el necio ni de los propios.",
        "autor": "Proverbio ruso"
    },
    {
        "texto": "La sabiduría es el antídoto contra el miedo.",
        "autor": "Platón"
    },
    {
        "texto": "El sabio habla porque tiene algo que decir, el necio porque tiene que decir algo.",
        "autor": "Platón"
    },
    {
        "texto": "La sabiduría es la ciencia de la felicidad.",
        "autor": "Aristóteles"
    },
    {
        "texto": "El sabio no enseña con palabras, sino con actos.",
        "autor": "Lao Tse"
    },
    {
        "texto": "La sabiduría es la luz que disipa las sombras de la ignorancia.",
        "autor": "Buda"
    },
    {
        "texto": "El sabio no acumula, cuanto más da a los demás, más tiene para sí.",
        "autor": "Lao Tse"
    },
    {
        "texto": "La sabiduría es el arte de vivir en armonía con lo inevitable.",
        "autor": "Epicteto"
    },
    {
        "texto": "El sabio puede sentarse en un hormiguero, pero solo el necio se queda sentado en él.",
        "autor": "Proverbio chino"
    },
    {
        "texto": "La sabiduría es comprender que el cambio es la única constante.",
        "autor": "Heráclito"
    },
    {
        "texto": "El sabio busca la simplicidad en la complejidad.",
        "autor": "Leonardo da Vinci"
    },
    {
        "texto": "La sabiduría es saber cuándo hablar y cuándo callar.",
        "autor": "Séneca"
    },
    {
        "texto": "El sabio no es quien sabe muchas cosas, sino quien sabe lo esencial.",
        "autor": "Sócrates"
    },
    {
        "texto": "La sabiduría es el fruto maduro de la experiencia.",
        "autor": "George Santayana"
    },
    {
        "texto": "El sabio aprende de la naturaleza, el necio intenta dominarla.",
        "autor": "Lao Tse"
    },
    {
        "texto": "La sabiduría es ver el todo en las partes y las partes en el todo.",
        "autor": "Aristóteles"
    },
    {
        "texto": "El sabio no teme a la muerte, teme a no haber vivido.",
        "autor": "Marco Aurelio"
    },
    {
        "texto": "La sabiduría es el arte de transformar los problemas en oportunidades.",
        "autor": "Sun Tzu"
    },
    {
        "texto": "El sabio construye puentes donde el necio levanta muros.",
        "autor": "Proverbio africano"
    },
    {
        "texto": "La sabiduría es saber que no sabemos nada.",
        "autor": "Sócrates"
    },
    {
        "texto": "El sabio observa, analiza y luego actúa.",
        "autor": "Confucio"
    },
    {
        "texto": "La sabiduría es el equilibrio entre el conocimiento y la humildad.",
        "autor": "Dalai Lama"
    },
    {
        "texto": "El sabio no corrige sus errores, los comprende.",
        "autor": "Carl Jung"
    },
    {
        "texto": "La sabiduría es el único lujo que no produce envidia.",
        "autor": "Séneca"
    },
    {
        "texto": "El sabio aprende del pasado, vive el presente y planifica el futuro.",
        "autor": "Aristóteles"
    },
    {
        "texto": "La sabiduría es el camino recto en un mundo de curvas.",
        "autor": "Platón"
    },
    {
        "texto": "El sabio no teme a los cambios, teme a la estupidez de resistirse a ellos.",
        "autor": "Heráclito"
    },
    {
        "texto": "La sabiduría es el arte de navegar en el océano de la incertidumbre.",
        "autor": "Buda"
    },
    {
        "texto": "El sabio no busca respuestas, busca preguntas más profundas.",
        "autor": "Sócrates"
    },
    {
        "texto": "La sabiduría es comprender que el conocimiento sin amor es estéril.",
        "autor": "Pablo Neruda"
    },
    {
        "texto": "El sabio no acumula riquezas, acumula experiencias.",
        "autor": "Confucio"
    },
    {
        "texto": "La sabiduría es saber que cada problema contiene su propia solución.",
        "autor": "Albert Einstein"
    },
    {
        "texto": "El sabio no sigue caminos trazados, descubre nuevos senderos.",
        "autor": "Ralph Waldo Emerson"
    },
    {
        "texto": "La sabiduría es el don de ver lo extraordinario en lo ordinario.",
        "autor": "Leonardo da Vinci"
    },
    {
        "texto": "El sabio no teme a la soledad, teme a la multitud que piensa por él.",
        "autor": "Friedrich Nietzsche"
    },
    {
        "texto": "La sabiduría es saber que el verdadero poder está en el autocontrol.",
        "autor": "Platón"
    },
    {
        "texto": "El sabio no busca la perfección, busca la excelencia.",
        "autor": "Aristóteles"
    },
    {
        "texto": "La sabiduría es el arte de vivir con lo esencial.",
        "autor": "Séneca"
    },
    {
        "texto": "El sabio no enseña lo que sabe, inspira a aprender.",
        "autor": "Confucio"
    },
    {
        "texto": "La sabiduría es comprender que el tiempo es el mejor maestro.",
        "autor": "Leonardo da Vinci"
    },
    {
        "texto": "El sabio no corrige, guía; no impone, sugiere.",
        "autor": "Lao Tse"
    },
    {
        "texto": "La sabiduría es saber que las respuestas simples son las más difíciles de encontrar.",
        "autor": "Albert Einstein"
    },
    {
        "texto": "El sabio no teme a la oscuridad, teme a no buscar la luz.",
        "autor": "Sócrates"
    },
    {
        "texto": "La sabiduría es el equilibrio entre el corazón y la mente.",
        "autor": "Buda"
    },
    {
        "texto": "El sabio no acumula palabras, acumula silencios elocuentes.",
        "autor": "Lao Tse"
    },
    {
        "texto": "La sabiduría es comprender que el cambio comienza en uno mismo.",
        "autor": "Mahatma Gandhi"
    },
    {
        "texto": "El sabio no busca seguidores, busca compañeros de camino.",
        "autor": "Khalil Gibran"
    },
    {
        "texto": "La sabiduría es saber que el verdadero viaje es interior.",
        "autor": "Marcel Proust"
    },
    {
        "texto": "El sabio no teme a la crítica, teme a la ignorancia que la genera.",
        "autor": "Aristóteles"
    },
    {
        "texto": "La sabiduría es el arte de transformar los obstáculos en escalones.",
        "autor": "Confucio"
    },
    {
        "texto": "El sabio no busca la felicidad, la crea.",
        "autor": "Séneca"
    },
    {
        "texto": "La sabiduría es comprender que el amor es la respuesta a todas las preguntas.",
        "autor": "Victor Hugo"
    },
    {
        "texto": "El sabio no teme a la muerte, teme a no haber amado lo suficiente.",
        "autor": "Marco Aurelio"
    },
    {
        "texto": "La sabiduría es saber que el conocimiento sin acción es vanidad.",
        "autor": "Benjamin Franklin"
    },
    {
        "texto": "El sabio no sigue la corriente, crea su propio río.",
        "autor": "Rumi"
    },
    {
        "texto": "La sabiduría es comprender que el silencio es a veces la mejor respuesta.",
        "autor": "Dalai Lama"
    },
    {
        "texto": "El sabio no acumula posesiones, acumula momentos.",
        "autor": "Epicuro"
    },
    {
        "texto": "La sabiduría es saber que la paciencia es la madre de todas las virtudes.",
        "autor": "Cicerón"
    },
    {
        "texto": "El sabio no busca la verdad absoluta, busca su propia verdad.",
        "autor": "Carl Jung"
    },
    {
        "texto": "La sabiduría es comprender que el ego es el peor enemigo del conocimiento.",
        "autor": "Sócrates"
    },
    {
        "texto": "El sabio no teme a la soledad, teme a la multitud que lo aleja de sí mismo.",
        "autor": "Friedrich Nietzsche"
    },
    {
        "texto": "La sabiduría es saber que el aprendizaje nunca termina.",
        "autor": "Leonardo da Vinci"
    },
    {
        "texto": "El sabio no busca la aprobación, busca la autenticidad.",
        "autor": "Ralph Waldo Emerson"
    },
    {
        "texto": "La sabiduría es comprender que la naturaleza es el mejor libro.",
        "autor": "Galileo Galilei"
    },
    {
        "texto": "El sabio no teme a la incertidumbre, teme a la arrogancia de creer que lo sabe todo.",
        "autor": "Sócrates"
    },
    {
        "texto": "La sabiduría es saber que la humildad es la base de todo crecimiento.",
        "autor": "Lao Tse"
    },
    {
        "texto": "El sabio no busca el poder, busca la sabiduría para usarlo bien.",
        "autor": "Platón"
    },
    {
        "texto": "La sabiduría es comprender que cada caída es una lección.",
        "autor": "Proverbio japonés"
    },
    {
        "texto": "El sabio no teme a la vejez, teme a no haber aprendido lo suficiente.",
        "autor": "Cicerón"
    },
    {
        "texto": "La sabiduría es saber que el tiempo perdido nunca se recupera.",
        "autor": "Benjamin Franklin"
    },
    {
        "texto": "El sabio no busca la fama, busca la excelencia.",
        "autor": "Aristóteles"
    },
    {
        "texto": "La sabiduría es comprender que la simplicidad es la máxima sofisticación.",
        "autor": "Leonardo da Vinci"
    },
    {
        "texto": "El sabio no teme a la crítica, teme a no tener nada que criticar.",
        "autor": "Voltaire"
    },
    {
        "texto": "La sabiduría es saber que el verdadero tesoro está en la mente.",
        "autor": "Séneca"
    },
    {
        "texto": "El sabio no acumula riquezas materiales, acumula riquezas espirituales.",
        "autor": "Buda"
    },
    {
        "texto": "La sabiduría es comprender que el amor al aprendizaje es el amor a la vida.",
        "autor": "Sócrates"
    },
    {
        "texto": "El sabio no sigue dogmas, sigue su propia luz.",
        "autor": "Galileo Galilei"
    },
    {
        "texto": "La sabiduría es saber que la paciencia es el arte de esperar sin desesperar.",
        "autor": "Confucio"
    },
    {
        "texto": "El sabio no teme a la ignorancia, teme a no querer salir de ella.",
        "autor": "Aristóteles"
    },
    {
        "texto": "La sabiduría es comprender que el cambio es crecimiento.",
        "autor": "Heráclito"
    },
    {
        "texto": "El sabio no busca la inmortalidad, busca vivir plenamente cada día.",
        "autor": "Epicuro"
    },
    {
        "texto": "La sabiduría es saber que el conocimiento es poder, pero la sabiduría es libertad.",
        "autor": "Platón"
    },
    {
        "texto": "El sabio no teme a la oscuridad, sabe que es necesaria para ver las estrellas.",
        "autor": "Vincent van Gogh"
    },
    {
        "texto": "La sabiduría es comprender que la vida es el mejor maestro.",
        "autor": "Séneca"
    },
    {
        "texto": "El sabio no busca la perfección en los demás, la busca en sí mismo.",
        "autor": "Confucio"
    },
    {
        "texto": "La sabiduría es saber que el verdadero viaje es el que hacemos hacia nuestro interior.",
        "autor": "Carl Jung"
    },
    {
        "texto": "El sabio no teme a la muerte, teme a no haber vivido con propósito.",
        "autor": "Marco Aurelio"
    },
    {
        "texto": "La sabiduría es comprender que el silencio es el lenguaje de Dios.",
        "autor": "Mother Teresa"
    },
    {
        "texto": "El sabio no acumula conocimientos, los comparte.",
        "autor": "Sócrates"
    },
    {
        "texto": "La sabiduría es saber que la felicidad no es un destino, es un camino.",
        "autor": "Buda"
    },
    {
        "texto": "El sabio no teme a la soledad, teme a la multitud que lo aleja de su esencia.",
        "autor": "Friedrich Nietzsche"
    },
    {
        "texto": "La sabiduría es comprender que el amor es la fuerza más poderosa del universo.",
        "autor": "Albert Einstein"
    },
    {
        "texto": "El sabio no busca la verdad en los libros, la busca en la experiencia.",
        "autor": "Ralph Waldo Emerson"
    },
    {
        "texto": "La sabiduría es saber que el tiempo es el mejor aliado de quien lo usa bien.",
        "autor": "Benjamin Franklin"
    },
    {
        "texto": "El sabio no teme a la vejez, teme a no haber sembrado lo suficiente.",
        "autor": "Cicerón"
    },
    {
        "texto": "La sabiduría es comprender que la naturaleza es el templo de la verdad.",
        "autor": "Galileo Galilei"
    },
    {
        "texto": "El sabio no busca la aprobación de los demás, busca la aprobación de su conciencia.",
        "autor": "Séneca"
    },
    {
        "texto": "La sabiduría es saber que el conocimiento sin sabiduría es como un barco sin timón.",
        "autor": "Platón"
    },
    {
        "texto": "El sabio no teme a la incertidumbre, teme a la arrogancia del conocimiento absoluto.",
        "autor": "Sócrates"
    },
    {
        "texto": "La sabiduría es comprender que la humildad es la puerta a la verdadera grandeza.",
        "autor": "Lao Tse"
    },
    {
        "texto": "El sabio no busca la riqueza, busca la libertad que esta puede proporcionar.",
        "autor": "Epicuro"
    },
    {
        "texto": "La sabiduría es saber que el aprendizaje es un viaje sin fin.",
        "autor": "Leonardo da Vinci"
    },
    {
        "texto": "El sabio no teme a la crítica, teme a no tener nada que valga la pena criticar.",
        "autor": "Voltaire"
    },
    {
        "texto": "La sabiduría es comprender que el verdadero poder está en el dominio de uno mismo.",
        "autor": "Platón"
    },
    {
        "texto": "El sabio no acumula bienes, acumula momentos significativos.",
        "autor": "Séneca"
    },
    {
        "texto": "La sabiduría es saber que la paciencia es el arte de mantener la calma mientras esperas.",
        "autor": "Confucio"
    },
    {
        "texto": "El sabio no teme a la ignorancia, teme a la resistencia a aprender.",
        "autor": "Aristóteles"
    },
    {
        "texto": "La sabiduría es comprender que el cambio es la esencia de la vida.",
        "autor": "Heráclito"
    },
    {
        "texto": "El sabio no busca la inmortalidad, busca hacer inmortal su legado.",
        "autor": "Sócrates"
    },
    {
        "texto": "La sabiduría es saber que el conocimiento es un medio, no un fin.",
        "autor": "Platón"
    },
    {
        "texto": "El sabio no teme a la oscuridad, sabe que es el preludio de la luz.",
        "autor": "Buda"
    },
    {
        "texto": "La sabiduría es comprender que la vida es el mejor libro de texto.",
        "autor": "Séneca"
    },
    {
        "texto": "El sabio no busca la perfección en los demás, busca la excelencia en sí mismo.",
        "autor": "Confucio"
    },
    {
        "texto": "La sabiduría es saber que el verdadero viaje es el viaje interior.",
        "autor": "Carl Jung"
    },
    {
        "texto": "El sabio no teme a la muerte, teme a no haber amado lo suficiente.",
        "autor": "Marco Aurelio"
    },
    {
        "texto": "La sabiduría es comprender que el silencio es el lenguaje del alma.",
        "autor": "Mother Teresa"
    },
    {
        "texto": "El sabio no acumula conocimientos, los transforma en sabiduría.",
        "autor": "Sócrates"
    },
    {
        "texto": "La sabiduría es saber que la felicidad no es un lugar, es una forma de viajar.",
        "autor": "Buda"
    }
]