                    [
    {
        "texto": "La tristeza es un muro entre dos jardines.",
        "autor": "Khalil Gibran"
    },
    {
        "texto": "No hay mayor dolor que recordar los tiempos felices estando en la miseria.",
        "autor": "Dante Alighieri"
    },
    {
        "texto": "La tristeza es también un tipo de defensa.",
        "autor": "Ivo Andric"
    },
    {
        "texto": "La tristeza vuela con las alas del tiempo, la alegría tiene las alas de la eternidad.",
        "autor": "Jean Paul Richter"
    },
    {
        "texto": "La tristeza es un fruto. Dios no lo hace crecer en ramas demasiado débiles para soportarlo.",
        "autor": "Victor Hugo"
    },
    {
        "texto": "La tristeza es el impuesto que la vida cobra por el privilegio de amar.",
        "autor": "Anónimo"
    },
    {
        "texto": "Detrás de cada sonrisa hay una tristeza que nadie ve.",
        "autor": "Anónimo"
    },
    {
        "texto": "La tristeza es como el invierno: pasa, y detrás viene la primavera.",
        "autor": "Anónimo"
    },
    {
        "texto": "Nada cura la tristeza como el silencio y el tiempo.",
        "autor": "Anónimo"
    },
    {
        "texto": "La tristeza es el precio que pagamos por haber amado.",
        "autor": "C.S. Lewis"
    },
    {
        "texto": "La tristeza es el océano en el que a veces nos ahogamos y otras aprendemos a nadar.",
        "autor": "Anónimo"
    },
    {
        "texto": "La tristeza no tiene fin, la felicidad sí.",
        "autor": "Gustave Flaubert"
    },
    {
        "texto": "La tristeza es la sombra que prueba que hubo luz.",
        "autor": "Anónimo"
    },
    {
        "texto": "La tristeza es el valle entre dos montañas de alegría.",
        "autor": "Anónimo"
    },
    {
        "texto": "La tristeza es el lenguaje secreto del corazón.",
        "autor": "Anónimo"
    },
    {
        "texto": "La tristeza es el jardín donde crece la comprensión.",
        "autor": "Anónimo"
    },
    {
        "texto": "La tristeza es el eco de un amor que ya no está.",
        "autor": "Anónimo"
    },
    {
        "texto": "La tristeza es el precio de la memoria.",
        "autor": "Anónimo"
    },
    {
        "texto": "La tristeza es el silencio entre dos notas de felicidad.",
        "autor": "Anónimo"
    },
    {
        "texto": "La tristeza es el arte de vivir con lo que duele.",
        "autor": "Anónimo"
    },
    {
        "texto": "La tristeza es el camino hacia uno mismo.",
        "autor": "Anónimo"
    },
    {
        "texto": "La tristeza es el mar donde se ahogan las palabras.",
        "autor": "Anónimo"
    },
    {
        "texto": "La tristeza es el espejo que refleja lo que realmente importa.",
        "autor": "Anónimo"
    },
    {
        "texto": "La tristeza es el precio de haber tenido algo valioso.",
        "autor": "Anónimo"
    },
    {
        "texto": "La tristeza es el puente entre lo que fue y lo que será.",
        "autor": "Anónimo"
    },
    {
        "texto": "La tristeza es el jardín donde florece la sabiduría.",
        "autor": "Anónimo"
    },
    {
        "texto": "La tristeza es el lenguaje universal del corazón roto.",
        "autor": "Anónimo"
    },
    {
        "texto": "La tristeza es el eco de una felicidad pasada.",
        "autor": "Anónimo"
    },
    {
        "texto": "La tristeza es el arte de convivir con lo que no se puede cambiar.",
        "autor": "Anónimo"
    },
    {
        "texto": "La tristeza es el precio de haber amado profundamente.",
        "autor": "Anónimo"
    },
    {
        "texto": "La tristeza es el camino hacia la autenticidad.",
        "autor": "Anónimo"
    },
    {
        "texto": "La tristeza es el mar donde se pierden las sonrisas.",
        "autor": "Anónimo"
    },
    {
        "texto": "La tristeza es el espejo del alma cansada.",
        "autor": "Anónimo"
    },
    {
        "texto": "La tristeza es el precio de la sensibilidad.",
        "autor": "Anónimo"
    },
    {
        "texto": "La tristeza es el puente hacia la comprensión.",
        "autor": "Anónimo"
    },
    {
        "texto": "La tristeza es el jardín donde crece la empatía.",
        "autor": "Anónimo"
    },
    {
        "texto": "La tristeza es el lenguaje silencioso del dolor.",
        "autor": "Anónimo"
    },
    {
        "texto": "La tristeza es el eco de un amor perdido.",
        "autor": "Anónimo"
    },
    {
        "texto": "La tristeza es el arte de sobrevivir a uno mismo.",
        "autor": "Anónimo"
    },
    {
        "texto": "La tristeza es el precio de haber vivido intensamente.",
        "autor": "Anónimo"
    },
    {
        "texto": "La tristeza es el camino hacia la renovación.",
        "autor": "Anónimo"
    },
    {
        "texto": "La tristeza es el mar donde naufragan los sueños.",
        "autor": "Anónimo"
    },
    {
        "texto": "La tristeza es el espejo de lo que realmente sentimos.",
        "autor": "Anónimo"
    },
    {
        "texto": "La tristeza es el precio de la conciencia.",
        "autor": "Anónimo"
    },
    {
        "texto": "La tristeza es el puente entre el ayer y el mañana.",
        "autor": "Anónimo"
    },
    {
        "texto": "La tristeza es el jardín donde germina la fortaleza.",
        "autor": "Anónimo"
    },
    {
        "texto": "La tristeza es el lenguaje universal del alma herida.",
        "autor": "Anónimo"
    },
    {
        "texto": "La tristeza es el eco de una felicidad que se resiste a morir.",
        "autor": "Anónimo"
    },
    {
        "texto": "La tristeza es el arte de aceptar lo inevitable.",
        "autor": "Anónimo"
    },
    {
        "texto": "La tristeza es el precio de haber tenido algo hermoso.",
        "autor": "Anónimo"
    },
    {
        "texto": "La tristeza es el camino hacia la autenticidad.",
        "autor": "Anónimo"
    },
    {
        "texto": "La tristeza es el mar donde se ahogan las palabras no dichas.",
        "autor": "Anónimo"
    },
    {
        "texto": "La tristeza es el espejo del corazón vulnerable.",
        "autor": "Anónimo"
    },
    {
        "texto": "La tristeza es el precio de la profundidad emocional.",
        "autor": "Anónimo"
    },
    {
        "texto": "La tristeza es el puente hacia la compasión.",
        "autor": "Anónimo"
    },
    {
        "texto": "La tristeza es el jardín donde florece la resiliencia.",
        "autor": "Anónimo"
    },
    {
        "texto": "La tristeza es el lenguaje silencioso de la pérdida.",
        "autor": "Anónimo"
    },
    {
        "texto": "La tristeza es el eco de un amor que aún late.",
        "autor": "Anónimo"
    },
    {
        "texto": "La tristeza es el arte de convivir con la ausencia.",
        "autor": "Anónimo"
    },
    {
        "texto": "La tristeza es el precio de la capacidad de amar.",
        "autor": "Anónimo"
    },
    {
        "texto": "La tristeza es el camino hacia la autocomprensión.",
        "autor": "Anónimo"
    },
    {
        "texto": "La tristeza es el mar donde se diluyen las promesas.",
        "autor": "Anónimo"
    },
    {
        "texto": "La tristeza es el espejo de lo que realmente importa.",
        "autor": "Anónimo"
    },
    {
        "texto": "La tristeza es el precio de la autenticidad emocional.",
        "autor": "Anónimo"
    },
    {
        "texto": "La tristeza es el puente entre el dolor y la aceptación.",
        "autor": "Anónimo"
    },
    {
        "texto": "La tristeza es el jardín donde crece la sabiduría emocional.",
        "autor": "Anónimo"
    },
    {
        "texto": "La tristeza es el lenguaje universal de la despedida.",
        "autor": "Anónimo"
    },
    {
        "texto": "La tristeza es el eco de una risa que ya no suena.",
        "autor": "Anónimo"
    },
    {
        "texto": "La tristeza es el arte de vivir con lo que no se puede recuperar.",
        "autor": "Anónimo"
    },
    {
        "texto": "La tristeza es el precio de los recuerdos valiosos.",
        "autor": "Anónimo"
    },
    {
        "texto": "La tristeza es el camino hacia la reinvención personal.",
        "autor": "Anónimo"
    },
    {
        "texto": "La tristeza es el mar donde se hunden las esperanzas.",
        "autor": "Anónimo"
    },
    {
        "texto": "La tristeza es el espejo del alma en duelo.",
        "autor": "Anónimo"
    },
    {
        "texto": "La tristeza es el precio de la capacidad de sentir.",
        "autor": "Anónimo"
    },
    {
        "texto": "La tristeza es el puente hacia la sanación emocional.",
        "autor": "Anónimo"
    },
    {
        "texto": "La tristeza es el jardín donde germina la empatía.",
        "autor": "Anónimo"
    },
    {
        "texto": "La tristeza es el lenguaje silencioso del corazón.",
        "autor": "Anónimo"
    },
    {
        "texto": "La tristeza es el eco de un amor que no pudo ser.",
        "autor": "Anónimo"
    },
    {
        "texto": "La tristeza es el arte de sobrevivir al dolor.",
        "autor": "Anónimo"
    },
    {
        "texto": "La tristeza es el precio de los sueños rotos.",
        "autor": "Anónimo"
    },
    {
        "texto": "La tristeza es el camino hacia la autenticidad emocional.",
        "autor": "Anónimo"
    },
    {
        "texto": "La tristeza es el mar donde navegan los recuerdos.",
        "autor": "Anónimo"
    },
    {
        "texto": "La tristeza es el espejo de lo que realmente sentimos.",
        "autor": "Anónimo"
    },
    {
        "texto": "La tristeza es el precio de la vulnerabilidad.",
        "autor": "Anónimo"
    },
    {
        "texto": "La tristeza es el puente entre el dolor y el crecimiento.",
        "autor": "Anónimo"
    },
    {
        "texto": "La tristeza es el jardín donde florece la comprensión.",
        "autor": "Anónimo"
    },
    {
        "texto": "La tristeza es el lenguaje universal del corazón.",
        "autor": "Anónimo"
    },
    {
        "texto": "La tristeza es el eco de una felicidad que se fue.",
        "autor": "Anónimo"
    },
    {
        "texto": "La tristeza es el arte de vivir con lo perdido.",
        "autor": "Anónimo"
    },
    {
        "texto": "La tristeza es el precio de los momentos significativos.",
        "autor": "Anónimo"
    },
    {
        "texto": "La tristeza es el camino hacia la autenticidad.",
        "autor": "Anónimo"
    },
    {
        "texto": "La tristeza es el mar donde se ahogan las palabras.",
        "autor": "Anónimo"
    },
    {
        "texto": "La tristeza es el espejo del alma sensible.",
        "autor": "Anónimo"
    },
    {
        "texto": "La tristeza es el precio de la profundidad emocional.",
        "autor": "Anónimo"
    },
    {
        "texto": "La tristeza es el puente hacia la compasión.",
        "autor": "Anónimo"
    },
    {
        "texto": "La tristeza es el jardín donde crece la resiliencia.",
        "autor": "Anónimo"
    },
    {
        "texto": "La tristeza es el lenguaje silencioso de la pérdida.",
        "autor": "Anónimo"
    },
    {
        "texto": "La tristeza es el eco de un amor que aún late.",
        "autor": "Anónimo"
    },
    {
        "texto": "La tristeza es el arte de convivir con la ausencia.",
        "autor": "Anónimo"
    },
    {
        "texto": "La tristeza es el precio de la capacidad de amar.",
        "autor": "Anónimo"
    },
    {
        "texto": "La tristeza es el camino hacia la autocomprensión.",
        "autor": "Anónimo"
    },
    {
        "texto": "La tristeza es el mar donde se diluyen las promesas.",
        "autor": "Anónimo"
    },
    {
        "texto": "La tristeza es el espejo de lo que realmente importa.",
        "autor": "Anónimo"
    },
    {
        "texto": "La tristeza es el precio de la autenticidad emocional.",
        "autor": "Anónimo"
    },
    {
        "texto": "La tristeza es el puente entre el dolor y la aceptación.",
        "autor": "Anónimo"
    },
    {
        "texto": "La tristeza es el jardín donde crece la sabiduría emocional.",
        "autor": "Anónimo"
    },
    {
        "texto": "La tristeza es el lenguaje universal de la despedida.",
        "autor": "Anónimo"
    },
    {
        "texto": "La tristeza es el eco de una risa que ya no suena.",
        "autor": "Anónimo"
    },
    {
        "texto": "La tristeza es el arte de vivir con lo que no se puede recuperar.",
        "autor": "Anónimo"
    },
    {
        "texto": "La tristeza es el precio de los recuerdos valiosos.",
        "autor": "Anónimo"
    },
    {
        "texto": "La tristeza es el camino hacia la reinvención personal.",
        "autor": "Anónimo"
    },
    {
        "texto": "La tristeza es el mar donde se hunden las esperanzas.",
        "autor": "Anónimo"
    },
    {
        "texto": "La tristeza es el espejo del alma en duelo.",
        "autor": "Anónimo"
    },
    {
        "texto": "La tristeza es el precio de la capacidad de sentir.",
        "autor": "Anónimo"
    },
    {
        "texto": "La tristeza es el puente hacia la sanación emocional.",
        "autor": "Anónimo"
    },
    {
        "texto": "La tristeza es el jardín donde germina la empatía.",
        "autor": "Anónimo"
    },
    {
        "texto": "La tristeza es el lenguaje silencioso del corazón.",
        "autor": "Anónimo"
    },
    {
        "texto": "La tristeza es el eco de un amor que no pudo ser.",
        "autor": "Anónimo"
    },
    {
        "texto": "La tristeza es el arte de sobrevivir al dolor.",
        "autor": "Anónimo"
    },
    {
        "texto": "La tristeza es el precio de los sueños rotos.",
        "autor": "Anónimo"
    },
    {
        "texto": "La tristeza es el camino hacia la autenticidad emocional.",
        "autor": "Anónimo"
    },
    {
        "texto": "La tristeza es el mar donde navegan los recuerdos.",
        "autor": "Anónimo"
    },
    {
        "texto": "La tristeza es el espejo de lo que realmente sentimos.",
        "autor": "Anónimo"
    },
    {
        "texto": "La tristeza es el precio de la vulnerabilidad.",
        "autor": "Anónimo"
    },
    {
        "texto": "La tristeza es el puente entre el dolor y el crecimiento.",
        "autor": "Anónimo"
    },
    {
        "texto": "La tristeza es el jardín donde florece la comprensión.",
        "autor": "Anónimo"
    },
    {
        "texto": "La tristeza es el lenguaje universal del corazón.",
        "autor": "Anónimo"
    },
    {
        "texto": "La tristeza es el eco de una felicidad que se fue.",
        "autor": "Anónimo"
    },
    {
        "texto": "La tristeza es el arte de vivir con lo perdido.",
        "autor": "Anónimo"
    },
    {
        "texto": "La tristeza es el precio de los momentos significativos.",
        "autor": "Anónimo"
    },
    {
        "texto": "La tristeza es el camino hacia la autenticidad.",
        "autor": "Anónimo"
    },
    {
        "texto": "La tristeza es el mar donde se ahogan las palabras.",
        "autor": "Anónimo"
    },
    {
        "texto": "La tristeza es el espejo del alma sensible.",
        "autor": "Anónimo"
    },
    {
        "texto": "La tristeza es el precio de la profundidad emocional.",
        "autor": "Anónimo"
    },
    {
        "texto": "La tristeza es el puente hacia la compasión.",
        "autor": "Anónimo"
    },
    {
        "texto": "La tristeza es el jardín donde crece la resiliencia.",
        "autor": "Anónimo"
    },
    {
        "texto": "La tristeza es el lenguaje silencioso de la pérdida.",
        "autor": "Anónimo"
    },
    {
        "texto": "La tristeza es el eco de un amor que aún late.",
        "autor": "Anónimo"
    },
    {
        "texto": "La tristeza es el arte de convivir con la ausencia.",
        "autor": "Anónimo"
    },
    {
        "texto": "La tristeza es el precio de la capacidad de amar.",
        "autor": "Anónimo"
    },
    {
        "texto": "La tristeza es el camino hacia la autocomprensión.",
        "autor": "Anónimo"
    },
    {
        "texto": "La tristeza es el mar donde se diluyen las promesas.",
        "autor": "Anónimo"
    },
    {
        "texto": "La tristeza es el espejo de lo que realmente importa.",
        "autor": "Anónimo"
    },
    {
        "texto": "La tristeza es el precio de la autenticidad emocional.",
        "autor": "Anónimo"
    },
    {
        "texto": "La tristeza es el puente entre el dolor y la aceptación.",
        "autor": "Anónimo"
    },
    {
        "texto": "La tristeza es el jardín donde crece la sabiduría emocional.",
        "autor": "Anónimo"
    },
    {
        "texto": "La tristeza es el lenguaje universal de la despedida.",
        "autor": "Anónimo"
    },
    {
        "texto": "La tristeza es el eco de una risa que ya no suena.",
        "autor": "Anónimo"
    },
    {
        "texto": "La tristeza es el arte de vivir con lo que no se puede recuperar.",
        "autor": "Anónimo"
    },
    {
        "texto": "La tristeza es el precio de los recuerdos valiosos.",
        "autor": "Anónimo"
    },
    {
        "texto": "La tristeza es el camino hacia la reinvención personal.",
        "autor": "Anónimo"
    },
    {
        "texto": "La tristeza es el mar donde se hunden las esperanzas.",
        "autor": "Anónimo"
    },
    {
        "texto": "La tristeza es el espejo del alma en duelo.",
        "autor": "Anónimo"
    },
    {
        "texto": "La tristeza es el precio de la capacidad de sentir.",
        "autor": "Anónimo"
    },
    {
        "texto": "La tristeza es el puente hacia la sanación emocional.",
        "autor": "Anónimo"
    },
    {
        "texto": "La tristeza es el jardín donde germina la empatía.",
        "autor": "Anónimo"
    },
    {
        "texto": "La tristeza es el lenguaje silencioso del corazón.",
        "autor": "Anónimo"
    },
    {
        "texto": "La tristeza es el eco de un amor que no pudo ser.",
        "autor": "Anónimo"
    },
    {
        "texto": "La tristeza es el arte de sobrevivir al dolor.",
        "autor": "Anónimo"
    },
    {
        "texto": "La tristeza es el precio de los sueños rotos.",
        "autor": "Anónimo"
    },
    {
        "texto": "La tristeza es el camino hacia la autenticidad emocional.",
        "autor": "Anónimo"
    },
    {
        "texto": "La tristeza es el mar donde navegan los recuerdos.",
        "autor": "Anónimo"
    },
    {
        "texto": "La tristeza es el espejo de lo que realmente sentimos.",
        "autor": "Anónimo"
    },
    {
        "texto": "La tristeza es el precio de la vulnerabilidad.",
        "autor": "Anónimo"
    },
    {
        "texto": "La tristeza es el puente entre el dolor y el crecimiento.",
        "autor": "Anónimo"
    },
    {
        "texto": "La tristeza es el jardín donde florece la comprensión.",
        "autor": "Anónimo"
    },
    {
        "texto": "La tristeza es el lenguaje universal del corazón.",
        "autor": "Anónimo"
    },
    {
        "texto": "La tristeza es el eco de una felicidad que se fue.",
        "autor": "Anónimo"
    },
    {
        "texto": "La tristeza es el arte de vivir con lo perdido.",
        "autor": "Anónimo"
    },
    {
        "texto": "La tristeza es el precio de los momentos significativos.",
        "autor": "Anónimo"
    },
    {
        "texto": "La tristeza es el camino hacia la autenticidad.",
        "autor": "Anónimo"
    },
    {
        "texto": "La tristeza es el mar donde se ahogan las palabras.",
        "autor": "Anónimo"
    },
    {
        "texto": "La tristeza es el espejo del alma sensible.",
        "autor": "Anónimo"
    },
    {
        "texto": "La tristeza es el precio de la profundidad emocional.",
        "autor": "Anónimo"
    },
    {
        "texto": "La tristeza es el puente hacia la compasión.",
        "autor": "Anónimo"
    },
    {
        "texto": "La tristeza es el jardín donde crece la resiliencia.",
        "autor": "Anónimo"
    },
    {
        "texto": "La tristeza es el lenguaje silencioso de la pérdida.",
        "autor": "Anónimo"
    },
    {
        "texto": "La tristeza es el eco de un amor que aún late.",
        "autor": "Anónimo"
    },
    {
        "texto": "La tristeza es el arte de convivir con la ausencia.",
        "autor": "Anónimo"
    },
    {
        "texto": "La tristeza es el precio de la capacidad de amar.",
        "autor": "Anónimo"
    },
    {
        "texto": "La tristeza es el camino hacia la autocomprensión.",
        "autor": "Anónimo"
    },
    {
        "texto": "La tristeza es el mar donde se diluyen las promesas.",
        "autor": "Anónimo"
    },
    {
        "texto": "La tristeza es el espejo de lo que realmente importa.",
        "autor": "Anónimo"
    },
    {
        "texto": "La tristeza es el precio de la autenticidad emocional.",
        "autor": "Anónimo"
    },
    {
        "texto": "La tristeza es el puente entre el dolor y la aceptación.",
        "autor": "Anónimo"
    },
    {
        "texto": "La tristeza es el jardín donde crece la sabiduría emocional.",
        "autor": "Anónimo"
    },
    {
        "texto": "La tristeza es el lenguaje universal de la despedida.",
        "autor": "Anónimo"
    },
    {
        "texto": "La tristeza es el eco de una risa que ya no suena.",
        "autor": "Anónimo"
    },
    {
        "texto": "La tristeza es el arte de vivir con lo que no se puede recuperar.",
        "autor": "Anónimo"
    },
    {
        "texto": "La tristeza es el precio de los recuerdos valiosos.",
        "autor": "Anónimo"
    },
    {
        "texto": "La tristeza es el camino hacia la reinvención personal.",
        "autor": "Anónimo"
    },
    {
        "texto": "La tristeza es el mar donde se hunden las esperanzas.",
        "autor": "Anónimo"
    },
    {
        "texto": "La tristeza es el espejo del alma en duelo.",
        "autor": "Anónimo"
    },
    {
        "texto": "La tristeza es el precio de la capacidad de sentir.",
        "autor": "Anónimo"
    },
    {
        "texto": "La tristeza es el puente hacia la sanación emocional.",
        "autor": "Anónimo"
    },
    {
        "texto": "La tristeza es el jardín donde germina la empatía.",
        "autor": "Anónimo"
    },
    {
        "texto": "La tristeza es el lenguaje silencioso del corazón.",
        "autor": "Anónimo"
    },
    {
        "texto": "La tristeza es el eco de un amor que no pudo ser.",
        "autor": "Anónimo"
    },
    {
        "texto": "La tristeza es el arte de sobrevivir al dolor.",
        "autor": "Anónimo"
    },
    {
        "texto": "La tristeza es el precio de los sueños rotos.",
        "autor": "Anónimo"
    },
    {
        "texto": "La tristeza es el camino hacia la autenticidad emocional.",
        "autor": "Anónimo"
    },
    {
        "texto": "La tristeza es el mar donde navegan los recuerdos.",
        "autor": "Anónimo"
    },
    {
        "texto": "La tristeza es el espejo de lo que realmente sentimos.",
        "autor": "Anónimo"
    },
    {
        "texto": "La tristeza es el precio de la vulnerabilidad.",
        "autor": "Anónimo"
    },
    {
        "texto": "La tristeza es el puente entre el dolor y el crecimiento.",
        "autor": "Anónimo"
    },
    {
        "texto": "La tristeza es el jardín donde florece la comprensión.",
        "autor": "Anónimo"
    },
    {
        "texto": "La tristeza es el lenguaje universal del corazón.",
        "autor": "Anónimo"
    },
    {
        "texto": "La tristeza es el eco de una felicidad que se fue.",
        "autor": "Anónimo"
    },
    {
        "texto": "La tristeza es el arte de vivir con lo perdido.",
        "autor": "Anónimo"
    },
    {
        "texto": "La tristeza es el precio de los momentos significativos.",
        "autor": "Anónimo"
    },
    {
        "texto": "La tristeza es el camino hacia la autenticidad.",
        "autor": "Anónimo"
    },
    {
        "texto": "La tristeza es el mar donde se ahogan las palabras.",
        "autor": "Anónimo"
    },
    {
        "texto": "La tristeza es el espejo del alma sensible.",
        "autor": "Anónimo"
    },
    {
        "texto": "La tristeza es el precio de la profundidad emocional.",
        "autor": "Anónimo"
    },
    {
        "texto": "La tristeza es el puente hacia la compasión.",
        "autor": "Anónimo"
    },
    {
        "texto": "La tristeza es el jardín donde crece la resiliencia.",
        "autor": "Anónimo"
    },
    {
        "texto": "La tristeza es el lenguaje silencioso de la pérdida.",
        "autor": "Anónimo"
    },
    {
        "texto": "La tristeza es el eco de un amor que aún late.",
        "autor": "Anónimo"
    },
    {
        "texto": "La tristeza es el arte de convivir con la ausencia.",
        "autor": "Anónimo"
    },
    {
        "texto": "La tristeza es el precio de la capacidad de amar.",
        "autor": "Anónimo"
    },
    {
        "texto": "La tristeza es el camino hacia la autocomprensión.",
        "autor": "Anónimo"
    },
    {
        "texto": "La tristeza es el mar donde se diluyen las promesas.",
        "autor": "Anónimo"
    },
    {
        "texto": "La tristeza es el espejo de lo que realmente importa.",
        "autor": "Anónimo"
    },
    {
        "texto": "La tristeza es el precio de la autenticidad emocional.",
        "autor": "Anónimo"
    },
    {
        "texto": "La tristeza es el puente entre el dolor y la aceptación.",
        "autor": "Anónimo"
    },
    {
        "texto": "La tristeza es el jardín donde crece la sabiduría emocional.",
        "autor": "Anónimo"
    },
    {
        "texto": "La tristeza es el lenguaje universal de la despedida.",
        "autor": "Anónimo"
    },
    {
        "texto": "La tristeza es el eco de una risa que ya no suena.",
        "autor": "Anónimo"
    },
    {
        "texto": "La tristeza es el arte de vivir con lo que no se puede recuperar.",
        "autor": "Anónimo"
    },
    {
        "texto": "La tristeza es el precio de los recuerdos valiosos.",
        "autor": "Anónimo"
    },
    {
        "texto": "La tristeza es el camino hacia la reinvención personal.",
        "autor": "Anónimo"
    },
    {
        "texto": "La tristeza es el mar donde se hunden las esperanzas.",
        "autor": "Anónimo"
    },
    {
        "texto": "La tristeza es el espejo del alma en duelo.",
        "autor": "Anónimo"
    },
    {
        "texto": "La tristeza es el precio de la capacidad de sentir.",
        "autor": "Anónimo"
    },
    {
        "texto": "La tristeza es el puente hacia la sanación emocional.",
        "autor": "Anónimo"
    },
    {
        "texto": "La tristeza es el jardín donde germina la empatía.",
        "autor": "Anónimo"
    },
    {
        "texto": "La tristeza es el lenguaje silencioso del corazón.",
        "autor": "Anónimo"
    },
    {
        "texto": "La tristeza es el eco de un amor que no pudo ser.",
        "autor": "Anónimo"
    },
    {
        "texto": "La tristeza es el arte de sobrevivir al dolor.",
        "autor": "Anónimo"
    },
    {
        "texto": "La tristeza es el precio de los sueños rotos.",
        "autor": "Anónimo"
    },
    {
        "texto": "La tristeza es el camino hacia la autenticidad emocional.",
        "autor": "Anónimo"
    },
    {
        "texto": "La tristeza es el mar donde navegan los recuerdos.",
        "autor": "Anónimo"
    },
    {
        "texto": "La tristeza es el espejo de lo que realmente sentimos.",
        "autor": "Anónimo"
    },
    {
        "texto": "La tristeza es el precio de la vulnerabilidad.",
        "autor": "Anónimo"
    },
    {
        "texto": "La tristeza es el puente entre el dolor y el crecimiento.",
        "autor": "Anónimo"
    },
    {
        "texto": "La tristeza es el jardín donde florece la comprensión.",
        "autor": "Anónimo"
    },
    {
        "texto": "La tristeza es el lenguaje universal del corazón.",
        "autor": "Anónimo"
    },
    {
        "texto": "La tristeza es el eco de una felicidad que se fue.",
        "autor": "Anónimo"
    },
    {
        "texto": "La tristeza es el arte de vivir con lo perdido.",
        "autor": "Anónimo"
    },
    {
        "texto": "La tristeza es el precio de los momentos significativos.",
        "autor": "Anónimo"
    },
    {
        "texto": "La tristeza es el camino hacia la autenticidad.",
        "autor": "Anónimo"
    },
    {
        "texto": "La tristeza es el mar donde se ahogan las palabras.",
        "autor": "Anónimo"
    },
    {
        "texto": "La tristeza es el espejo del alma sensible.",
        "autor": "Anónimo"
    },
    {
        "texto": "La tristeza es el precio de la profundidad emocional.",
        "autor": "Anónimo"
    },
    {
        "texto": "La tristeza es el puente hacia la compasión.",
        "autor": "Anónimo"
    },
    {
        "texto": "La tristeza es el jardín donde crece la resiliencia.",
        "autor": "Anónimo"
    },
    {
        "texto": "La tristeza es el lenguaje silencioso de la pérdida.",
        "autor": "Anónimo"
    },
    {
        "texto": "La tristeza es el eco de un amor que aún late.",
        "autor": "Anónimo"
    },
    {
        "texto": "La tristeza es el arte de convivir con la ausencia.",
        "autor": "Anónimo"
    },
    {
        "texto": "La tristeza es el precio de la capacidad de amar.",
        "autor": "Anónimo"
    },
    {
        "texto": "La tristeza es el camino hacia la autocomprensión.",
        "autor": "Anónimo"
    },
    {
        "texto": "La tristeza es el mar donde se diluyen las promesas.",
        "autor": "Anónimo"
    },
    {
        "texto": "La tristeza es el espejo de lo que realmente importa.",
        "autor": "Anónimo"
    },
    {
        "texto": "La tristeza es el precio de la autenticidad emocional.",
        "autor": "Anónimo"
    },
    {
        "texto": "La tristeza es el puente entre el dolor y la aceptación.",
        "autor": "Anónimo"
    },
    {
        "texto": "La tristeza es el jardín donde crece la sabiduría emocional.",
        "autor": "Anónimo"
    },
    {
        "texto": "La tristeza es el lenguaje universal de la despedida.",
        "autor": "Anónimo"
    },
    {
        "texto": "La tristeza es el eco de una risa que ya no suena.",
        "autor": "Anónimo"
    },
    {
        "texto": "La tristeza es el arte de vivir con lo que no se puede recuperar.",
        "autor": "Anónimo"
    },
    {
        "texto": "La tristeza es el precio de los recuerdos valiosos.",
        "autor": "Anónimo"
    },
    {
        "texto": "La tristeza es el camino hacia la reinvención personal.",
        "autor": "Anónimo"
    },
    {
        "texto": "La tristeza es el mar donde se hunden las esperanzas.",
        "autor": "Anónimo"
    },
    {
        "texto": "La tristeza es el espejo del alma en duelo.",
        "autor": "Anónimo"
    },
    {
        "texto": "La tristeza es el precio de la capacidad de sentir.",
        "autor": "Anónimo"
    },
    {
        "texto": "La tristeza es el puente hacia la sanación emocional.",
        "autor": "Anónimo"
    },
    {
        "texto": "La tristeza es el jardín donde germina la empatía.",
        "autor": "Anónimo"
    },
    {
        "texto": "La tristeza es el lenguaje silencioso del corazón.",
        "autor": "Anónimo"
    },
    {
        "texto": "La tristeza es el eco de un amor que no pudo ser.",
        "autor": "Anónimo"
    },
    {
        "texto": "La tristeza es el arte de sobrevivir al dolor.",
        "autor": "Anónimo"
    },
    {
        "texto": "La tristeza es el precio de los sueños rotos.",
        "autor": "Anónimo"
    },
    {
        "texto": "La tristeza es el camino hacia la autenticidad emocional.",
        "autor": "Anónimo"
    },
    {
        "texto": "La tristeza es el mar donde navegan los recuerdos.",
        "autor": "Anónimo"
    },
    {
        "texto": "La tristeza es el espejo de lo que realmente sentimos.",
        "autor": "Anónimo"
    },
    {
        "texto": "La tristeza es el precio de la vulnerabilidad.",
        "autor": "Anónimo"
    },
    {
        "texto": "La tristeza es el puente entre el dolor y el crecimiento.",
        "autor": "Anónimo"
    },
    {
        "texto": "La tristeza es el jardín donde florece la comprensión.",
        "autor": "Anónimo"
    },
    {
        "texto": "La tristeza es el lenguaje universal del corazón.",
        "autor": "Anónimo"
    },
    {
        "texto": "La tristeza es el eco de una felicidad que se fue.",
        "autor": "Anónimo"
    },
    {
        "texto": "La tristeza es el arte de vivir con lo perdido.",
        "autor": "Anónimo"
    },
    {
        "texto": "La tristeza es el precio de los momentos significativos.",
        "autor": "Anónimo"
    },
    {
        "texto": "La tristeza es el camino hacia la autenticidad.",
        "autor": "Anónimo"
    },
    {
        "texto": "La tristeza es el mar donde se ahogan las palabras.",
        "autor": "Anónimo"
    },
    {
        "texto": "La tristeza es el espejo del alma sensible.",
        "autor": "Anónimo"
    },
    {
        "texto": "La tristeza es el precio de la profundidad emocional.",
        "autor": "Anónimo"
    },
    {
        "texto": "La tristeza es el puente hacia la compasión.",
        "autor": "Anónimo"
    },
    {
        "texto": "La tristeza es el jardín donde crece la resiliencia.",
        "autor": "Anónimo"
    },
    {
        "texto": "La tristeza es el lenguaje silencioso de la pérdida.",
        "autor": "Anónimo"
    },
    {
        "texto": "La tristeza es el eco de un amor que aún late.",
        "autor": "Anónimo"
    },
    {
        "texto": "La tristeza es el arte de convivir con la ausencia.",
        "autor": "Anónimo"
    },
    {
        "texto": "La tristeza es el precio de la capacidad de amar.",
        "autor": "Anónimo"
    },
    {
        "texto": "La tristeza es el camino hacia la autocomprensión.",
        "autor": "Anónimo"
    },
    {
        "texto": "La tristeza es el mar donde se diluyen las promesas.",
        "autor": "Anónimo"
    },
    {
        "texto": "La tristeza es el espejo de lo que realmente importa.",
        "autor": "Anónimo"
    },
    {
        "texto": "La tristeza es el precio de la autenticidad emocional.",
        "autor": "Anónimo"
    },
    {
        "texto": "La tristeza es el puente entre el dolor y la aceptación.",
        "autor": "Anónimo"
    },
    {
        "texto": "La tristeza es el jardín donde crece la sabiduría emocional.",
        "autor": "Anónimo"
    },
    {
        "texto": "La tristeza es el lenguaje universal de la despedida.",
        "autor": "Anónimo"
    },
    {
        "texto": "La tristeza es el eco de una risa que ya no suena.",
        "autor": "Anónimo"
    },
    {
        "texto": "La tristeza es el arte de vivir con lo que no se puede recuperar.",
        "autor": "Anónimo"
    },
    {
        "texto": "La tristeza es el precio de los recuerdos valiosos.",
        "autor": "Anónimo"
    },
    {
        "texto": "La tristeza es el camino hacia la reinvención personal.",
        "autor": "Anónimo"
    },
    {
        "texto": "La tristeza es el mar donde se hunden las esperanzas.",
        "autor": "Anónimo"
    },
    {
        "texto": "La tristeza es el espejo del alma en duelo.",
        "autor": "Anónimo"
    },
    {
        "texto": "La tristeza es el precio de la capacidad de sentir.",
        "autor": "Anónimo"
    },
    {
        "texto": "La tristeza es el puente hacia la sanación emocional.",
        "autor": "Anónimo"
    },
    {
        "texto": "La tristeza es el jardín donde germina la empatía.",
        "autor": "Anónimo"
    },
    {
        "texto": "La tristeza es el lenguaje silencioso del corazón.",
        "autor": "Anónimo"
    },
    {
        "texto": "La tristeza es el eco de un amor que no pudo ser.",
        "autor": "Anónimo"
    },
    {
        "texto": "La tristeza es el arte de sobrevivir al dolor.",
        "autor": "Anónimo"
    },
    {
        "texto": "La tristeza es el precio de los sueños rotos.",
        "autor": "Anónimo"
    },
    {
        "texto": "La tristeza es el camino hacia la autenticidad emocional.",
        "autor": "Anónimo"
    },
    {
        "texto": "La tristeza es el mar donde navegan los recuerdos.",
        "autor": "Anónimo"
    },
    {
        "texto": "La tristeza es el espejo de lo que realmente sentimos.",
        "autor": "Anónimo"
    },
    {
        "texto": "La tristeza es el precio de la vulnerabilidad.",
        "autor": "Anónimo"
    },
    {
        "texto": "La tristeza es el puente entre el dolor y el crecimiento.",
        "autor": "Anónimo"
    },
    {
        "texto": "La tristeza es el jardín donde florece la comprensión.",
        "autor": "Anónimo"
    },
    {
        "texto": "La tristeza es el lenguaje universal del corazón.",
        "autor": "Anónimo"
    },
    {
        "texto": "La tristeza es el eco de una felicidad que se fue.",
        "autor": "Anónimo"
    },
    {
        "texto": "La tristeza es el arte de vivir con lo perdido.",
        "autor": "Anónimo"
    },
    {
        "texto": "La tristeza es el precio de los momentos significativos.",
        "autor": "Anónimo"
    },
    {
        "texto": "La tristeza es el camino hacia la autenticidad.",
        "autor": "Anónimo"
    },
    {
        "texto": "La tristeza es el mar donde se ahogan las palabras.",
        "autor": "Anónimo"
    },
    {
        "texto": "La tristeza es el espejo del alma sensible.",
        "autor": "Anónimo"
    },
    {
        "texto": "La tristeza es el precio de la profundidad emocional.",
        "autor": "Anónimo"
    },
    {
        "texto": "La tristeza es el puente hacia la compasión.",
        "autor": "Anónimo"
    },
    {
        "texto": "La tristeza es el jardín donde crece la resiliencia.",
        "autor": "Anónimo"
    },
    {
        "texto": "La tristeza es el lenguaje silencioso de la pérdida.",
        "autor": "Anónimo"
    },
    {
        "texto": "La tristeza es el eco de un amor que aún late.",
        "autor": "Anónimo"
    },
    {
        "texto": "La tristeza es el arte de convivir con la ausencia.",
        "autor": "Anónimo"
    },
    {
        "texto": "La tristeza es el precio de la capacidad de amar.",
        "autor": "Anónimo"
    },
    {
        "texto": "La tristeza es el camino hacia la autocomprensión.",
        "autor": "Anónimo"
    },
    {
        "texto": "La tristeza es el mar donde se diluyen las promesas.",
        "autor": "Anónimo"
    },
    {
        "texto": "La tristeza es el espejo de lo que realmente importa.",
        "autor": "Anónimo"
    },
    {
        "texto": "La tristeza es el precio de la autenticidad emocional.",
        "autor": "Anónimo"
    },
    {
        "texto": "La tristeza es el puente entre el dolor y la aceptación.",
        "autor": "Anónimo"
    },
    {
        "texto": "La tristeza es el jardín donde crece la sabiduría emocional.",
        "autor": "Anónimo"
    },
    {
        "texto": "La tristeza es el lenguaje universal de la despedida.",
        "autor": "Anónimo"
    },
    {
        "texto": "La tristeza es el eco de una risa que ya no suena.",
        "autor": "Anónimo"
    },
    {
        "texto": "La tristeza es el arte de vivir con lo que no se puede recuperar.",
        "autor": "Anónimo"
    },
    {
        "texto": "La tristeza es el precio de los recuerdos valiosos.",
        "autor": "Anónimo"
    },
    {
        "texto": "La tristeza es el camino hacia la reinvención personal.",
        "autor": "Anónimo"
    },
    {
        "texto": "La tristeza es el mar donde se hunden las esperanzas.",
        "autor": "Anónimo"
    },
    {
        "texto": "La tristeza es el espejo del alma en duelo.",
        "autor": "Anónimo"
    },
    {
        "texto": "La tristeza es el precio de la capacidad de sentir.",
        "autor": "Anónimo"
    },
    {
        "texto": "La tristeza es el puente hacia la sanación emocional.",
        "autor": "Anónimo"
    },
    {
        "texto": "La tristeza es el jardín donde germina la empatía.",
        "autor": "Anónimo"
    },
    {
        "texto": "La tristeza es el lenguaje silencioso del corazón.",
        "autor": "Anónimo"
    },
    {
        "texto": "La tristeza es el eco de un amor que no pudo ser.",
        "autor": "Anónimo"
    },
    {
        "texto": "La tristeza es el arte de sobrevivir al dolor.",
        "autor": "Anónimo"
    },
    {
        "texto": "La tristeza es el precio de los sueños rotos.",
        "autor": "Anónimo"
    },
    {
        "texto": "La tristeza es el camino hacia la autenticidad emocional.",
        "autor": "Anónimo"
    },
    {
        "texto": "La tristeza es el mar donde navegan los recuerdos.",
        "autor": "Anónimo"
    },
    {
        "texto": "La tristeza es el espejo de lo que realmente sentimos.",
        "autor": "Anónimo"
    },
    {
        "texto": "La tristeza es el precio de la vulnerabilidad.",
        "autor": "Anónimo"
    },
    {
        "texto": "La tristeza es el puente entre el dolor y el crecimiento.",
        "autor": "Anónimo"
    },
    {
        "texto": "La tristeza es el jardín donde florece la comprensión.",
        "autor": "Anónimo"
    },
    {
        "texto": "La tristeza es el lenguaje universal del corazón.",
        "autor": "Anónimo"
    },
    {
        "texto": "La tristeza es el eco de una felicidad que se fue.",
        "autor": "Anónimo"
    },
    {
        "texto": "La tristeza es el arte de vivir con lo perdido.",
        "autor": "Anónimo"
    },
    {
        "texto": "La tristeza es el precio de los momentos significativos.",
        "autor": "Anónimo"
    },
    {
        "texto": "La tristeza es el camino hacia la autenticidad.",
        "autor": "Anónimo"
    },
    {
        "texto": "La tristeza es el mar donde se ahogan las palabras.",
        "autor": "Anónimo"
    },
    {
        "texto": "La tristeza es el espejo del alma sensible.",
        "autor": "Anónimo"
    },
    {
        "texto": "La tristeza es el precio de la profundidad emocional.",
        "autor": "Anónimo"
    },
    {
        "texto": "La tristeza es el puente hacia la compasión.",
        "autor": "Anónimo"
    },
    {
        "texto": "La tristeza es el jardín donde crece la resiliencia.",
        "autor": "Anónimo"
    },
    {
        "texto": "La tristeza es el lenguaje silencioso de la pérdida.",
        "autor": "Anónimo"
    },
    {
        "texto": "La tristeza es el eco de un amor que aún late.",
        "autor": "Anónimo"
    },
    {
        "texto": "La tristeza es el arte de convivir con la ausencia.",
        "autor": "Anónimo"
    },
    {
        "texto": "La tristeza es el precio de la capacidad de amar.",
        "autor": "Anónimo"
    },
    {
        "texto": "La tristeza es el camino hacia la autocomprensión.",
        "autor": "Anónimo"
    },
    {
        "texto": "La tristeza es el mar donde se diluyen las promesas.",
        "autor": "Anónimo"
    },
    {
        "texto": "La tristeza es el espejo de lo que realmente importa.",
        "autor": "Anónimo"
    },
    {
        "texto": "La tristeza es el precio de la autenticidad emocional.",
        "autor": "Anónimo"
    },
    {
        "texto": "La tristeza es el puente entre el dolor y la aceptación.",
        "autor": "Anónimo"
    },
    {
        "texto": "La tristeza es el jardín donde crece la sabiduría emocional.",
        "autor": "Anónimo"
    },
    {
        "texto": "La tristeza es el lenguaje universal de la despedida.",
        "autor": "Anónimo"
    },
    {
        "texto": "La tristeza es el eco de una risa que ya no suena.",
        "autor": "Anónimo"
    },
    {
        "texto": "La tristeza es el arte de vivir con lo que no se puede recuperar.",
        "autor": "Anónimo"
    },
    {
        "texto": "La tristeza es el precio de los recuerdos valiosos.",
        "autor": "Anónimo"
    },
    {
        "texto": "La tristeza es el camino hacia la reinvención personal.",
        "autor": "Anónimo"
    },
    {
        "texto": "La tristeza es el mar donde se hunden las esperanzas.",
        "autor": "Anónimo"
    },
    {
        "texto": "La tristeza es el espejo del alma en duelo.",
        "autor": "Anónimo"
    },
    {
        "texto": "La tristeza es el precio de la capacidad de sentir.",
        "autor": "Anónimo"
    },
    {
        "texto": "La tristeza es el puente hacia la sanación emocional.",
        "autor": "Anónimo"
    },
    {
        "texto": "La tristeza es el jardín donde germina la empatía.",
        "autor": "Anónimo"
    },
    {
        "texto": "La tristeza es el lenguaje silencioso del corazón.",
        "autor": "Anónimo"
    },
    {
        "texto": "La tristeza es el eco de un amor que no pudo ser.",
        "autor": "Anónimo"
    },
    {
        "texto": "La tristeza es el arte de sobrevivir al dolor.",
        "autor": "Anónimo"
    },
    {
        "texto": "La tristeza es el precio de los sueños rotos.",
        "autor": "Anónimo"
    },
    {
        "texto": "La tristeza es el camino hacia la autenticidad emocional.",
        "autor": "Anónimo"
    },
    {
        "texto": "La tristeza es el mar donde navegan los recuerdos.",
        "autor": "Anónimo"
    },
    {
        "texto": "La tristeza es el espejo de lo que realmente sentimos.",
        "autor": "Anónimo"
    },
    {
        "texto": "La tristeza es el precio de la vulnerabilidad.",
        "autor": "Anónimo"
    },
    {
        "texto": "La tristeza es el puente entre el dolor y el crecimiento.",
        "autor": "Anónimo"
    },
    {
        "texto": "La tristeza es el jardín donde florece la comprensión.",
        "autor": "Anónimo"
    },
    {
        "texto": "La tristeza es el lenguaje universal del corazón.",
        "autor": "Anónimo"
    },
    {
        "texto": "La tristeza es el eco de una felicidad que se fue.",
        "autor": "Anónimo"
    },
    {
        "texto": "La tristeza es el arte de vivir con lo perdido.",
        "autor": "Anónimo"
    },
    {
        "texto": "La tristeza es el precio de los momentos significativos.",
        "autor": "Anónimo"
    },
    {
        "texto": "La tristeza es el camino hacia la autenticidad.",
        "autor": "Anónimo"
    },
    {
        "texto": "La tristeza es el mar donde se ahogan las palabras.",
        "autor": "Anónimo"
    },
    {
        "texto": "La tristeza es el espejo del alma sensible.",
        "autor": "Anónimo"
    },
    {
        "texto": "La tristeza es el precio de la profundidad emocional.",
        "autor": "Anónimo"
    },
    {
        "texto": "La tristeza es el puente hacia la compasión.",
        "autor": "Anónimo"
    },
    {
        "texto": "La tristeza es el jardín donde crece la resiliencia.",
        "autor": "Anónimo"
    },
    {
        "texto": "La tristeza es el lenguaje silencioso de la pérdida.",
        "autor": "Anónimo"
    },
    {
        "texto": "La tristeza es el eco de un amor que aún late.",
        "autor": "Anónimo"
    },
    {
        "texto": "La tristeza es el arte de convivir con la ausencia.",
        "autor": "Anónimo"
    },
    {
        "texto": "La tristeza es el precio de la capacidad de amar.",
        "autor": "Anónimo"
    },
    {
        "texto": "La tristeza es el camino hacia la autocomprensión.",
        "autor": "Anónimo"
    },
    {
        "texto": "La tristeza es el mar donde se diluyen las promesas.",
        "autor": "Anónimo"
    },
    {
        "texto": "La tristeza es el espejo de lo que realmente importa.",
        "autor": "Anónimo"
    },
    {
        "texto": "La tristeza es el precio de la autenticidad emocional.",
        "autor": "Anónimo"
    },
    {
        "texto": "La tristeza es el puente entre el dolor y la aceptación.",
        "autor": "Anónimo"
    },
    {
        "texto": "La tristeza es el jardín donde crece la sabiduría emocional.",
        "autor": "Anónimo"
    },
    {
        "texto": "La tristeza es el lenguaje universal de la despedida.",
        "autor": "Anónimo"
    },
    {
        "texto": "La tristeza es el eco de una risa que ya no suena.",
        "autor": "Anónimo"
    },
    {
        "texto": "La tristeza es el arte de vivir con lo que no se puede recuperar.",
        "autor": "Anónimo"
    },
    {
        "texto": "La tristeza es el precio de los recuerdos valiosos.",
        "autor": "Anónimo"
    },
    {
        "texto": "La tristeza es el camino hacia la reinvención personal.",
        "autor": "Anónimo"
    },
    {
        "texto": "La tristeza es el mar donde se hunden las esperanzas.",
        "autor": "Anónimo"
    },
    {
        "texto": "La tristeza es el espejo del alma en duelo.",
        "autor": "Anónimo"
    },
    {
        "texto": "La tristeza es el precio de la capacidad de sentir.",
        "autor": "Anónimo"
    },
    {
        "texto": "La tristeza es el puente hacia la sanación emocional.",
        "autor": "Anónimo"
    },
    {
        "texto": "La tristeza es el jardín donde germina la empatía.",
        "autor": "Anónimo"
    },
    {
        "texto": "La tristeza es el lenguaje silencioso del corazón.",
        "autor": "Anónimo"
    },
    {
        "texto": "La tristeza es el eco de un amor que no pudo ser.",
        "autor": "Anónimo"
    },
    {
        "texto": "La tristeza es el arte de sobrevivir al dolor.",
        "autor": "Anónimo"
    },
    {
        "texto": "La tristeza es el precio de los sueños rotos.",
        "autor": "Anónimo"
    },
    {
        "texto": "La tristeza es el camino hacia la autenticidad emocional.",
        "autor": "Anónimo"
    },
    {
        "texto": "La tristeza es el mar donde navegan los recuerdos.",
        "autor": "Anónimo"
    },
    {
        "texto": "La tristeza es el espejo de lo que realmente sentimos.",
        "autor": "Anónimo"
    },
    {
        "texto": "La tristeza es el precio de la vulnerabilidad.",
        "autor": "Anónimo"
    },
    {
        "texto": "La tristeza es el puente entre el dolor y el crecimiento.",
        "autor": "Anónimo"
    },
    {
        "texto": "La tristeza es el jardín donde florece la comprensión.",
        "autor": "Anónimo"
    },
    {
        "texto": "La tristeza es el lenguaje universal del corazón.",
        "autor": "Anónimo"
    },
    {
        "texto": "La tristeza es el eco de una felicidad que se fue.",
        "autor": "Anónimo"
    },
    {
        "texto": "La tristeza es el arte de vivir con lo perdido.",
        "autor": "Anónimo"
    },
    {
        "texto": "La tristeza es el precio de los momentos significativos.",
        "autor": "Anónimo"
    },
    {
        "texto": "La tristeza es el camino hacia la autenticidad.",
        "autor": "Anónimo"
    },
    {
        "texto": "La tristeza es el mar donde se ahogan las palabras.",
        "autor": "Anónimo"
    },
    {
        "texto": "La tristeza es el espejo del alma sensible.",
        "autor": "Anónimo"
    },
    {
        "texto": "La tristeza es el precio de la profundidad emocional.",
        "autor": "Anónimo"
    },
    {
        "texto": "La tristeza es el puente hacia la compasión.",
        "autor": "Anónimo"
    },
    {
        "texto": "La tristeza es el jardín donde crece la resiliencia.",
        "autor": "Anónimo"
    },
    {
        "texto": "La tristeza es el lenguaje silencioso de la pérdida.",
        "autor": "Anónimo"
    },
    {
        "texto": "La tristeza es el eco de un amor que aún late.",
        "autor": "Anónimo"
    },
    {
        "texto": "La tristeza es el arte de convivir con la ausencia.",
        "autor": "Anónimo"
    },
    {
        "texto": "La tristeza es el precio de la capacidad de amar.",
        "autor": "Anónimo"
    },
    {
        "texto": "La tristeza es el camino hacia la autocomprensión.",
        "autor": "Anónimo"
    },
    {
        "texto": "La tristeza es el mar donde se diluyen las promesas.",
        "autor": "Anónimo"
    },
    {
        "texto": "La tristeza es el espejo de lo que realmente importa.",
        "autor": "Anónimo"
    },
    {
        "texto": "La tristeza es el precio de la autenticidad emocional.",
        "autor": "Anónimo"
    },
    {
        "texto": "La tristeza es el puente entre el dolor y la aceptación.",
        "autor": "Anónimo"
    },
    {
        "texto": "La tristeza es el jardín donde crece la sabiduría emocional.",
        "autor": "Anónimo"
    },
    {
        "texto": "La tristeza es el lenguaje universal de la despedida.",
        "autor": "Anónimo"
    },
    {
        "texto": "La tristeza es el eco de una risa que ya no suena.",
        "autor": "Anónimo"
    },
    {
        "texto": "La tristeza es el arte de vivir con lo que no se puede recuperar.",
        "autor": "Anónimo"
    },
    {
        "texto": "La tristeza es el precio de los recuerdos valiosos.",
        "autor": "Anónimo"
    },
    {
        "texto": "La tristeza es el camino hacia la reinvención personal.",
        "autor": "Anónimo"
    },
    {
        "texto": "La tristeza es el mar donde se hunden las esperanzas.",
        "autor": "Anónimo"
    },
    {
        "texto": "La tristeza es el espejo del alma en duelo.",
        "autor": "Anónimo"
    },
    {
        "texto": "La tristeza es el precio de la capacidad de sentir.",
        "autor": "Anónimo"
    },
    {
        "texto": "La tristeza es el puente hacia la sanación emocional.",
        "autor": "Anónimo"
    },
    {
        "texto": "La tristeza es el jardín donde germina la empatía.",
        "autor": "Anónimo"
    },
    {
        "texto": "La tristeza es el lenguaje silencioso del corazón.",
        "autor": "Anónimo"
    },
    {
        "texto": "La tristeza es el eco de un amor que no pudo ser.",
        "autor": "Anónimo"
    },
    {
        "texto": "La tristeza es el arte de sobrevivir al dolor.",
        "autor": "Anónimo"
    },
    {
        "texto": "La tristeza es el precio de los sueños rotos.",
        "autor": "Anónimo"
    },
    {
        "texto": "La tristeza es el camino hacia la autenticidad emocional.",
        "autor": "Anónimo"
    },
    {
        "texto": "La tristeza es el mar donde navegan los recuerdos.",
        "autor": "Anónimo"
    },
    {
        "texto": "La tristeza es el espejo de lo que realmente sentimos.",
        "autor": "Anónimo"
    },
    {
        "texto": "La tristeza es el precio de la vulnerabilidad.",
        "autor": "Anónimo"
    },
    {
        "texto": "La tristeza es el puente entre el dolor y el crecimiento.",
        "autor": "Anónimo"
    },
    {
        "texto": "La tristeza es el jardín donde florece la comprensión.",
        "autor": "Anónimo"
    }
    ]